Position,Name,CPU,Clock Speed,Score (cb),extra info
1,Kizune,2x Intel Xeon Platinum 8168,3.49ghz,8205,
2,Dark,2x AMD Epyc 7601,2.2ghz,6873,
3,LinusTech,4x Intel Xeon 8357 V3,2.5ghz,6139,https://www.youtube.com/watch?v=8leyqlRo1O8
4,Thomieboy,2x Intel Xeon Platinum 8168,2.7ghz,5926,
5,screwieTKC,2x Xeon E5 2696 V4,2.2ghz,5713,
6,Xpl0jd,2x Intel Xeon Gold 6152,2.1ghz,5613,
7,Jazz2k,4x Xeon E5 4628L,1.8ghz,5153,
8,Kizune,2x Intel Xeon E5 2697A V4,2.66ghz,4796,
9,Mugisha,2x Intel Xeon E5 2686 V4,2.3ghz,4667,
10,AlexCo,2x Intel Xeon E5-2699 V3,2.3ghz,4515,
11,2Tequilas,2x Intel Xeon E7-8990 V3,2.5ghz,4070,
12,LinusTech,2x Intel Xeon E5-2699 V3,2.3ghz,3981,(INSANE Rendering Machine Part 2)
13,kinski,2x Intel Xeon E5 2686 V3,2.3ghz,3759,
14,ahhming,2x Intel Xeon E5 2698 V3,2.3ghz,3721,
15,Jumper118,AMD Ryzen 1950X,4.223ghz,3700,
16,King Poet,AMD Ryzen 2950X,4.275ghz,3678,
17,done12many2,AMD Ryzen 1950X,4.098ghz,3668,
18,Legendarypoet,AMD Ryzen 2950X,4.25ghz,3626,
19,Jazz2k,2x Intel Xeon E5 2698 V3,2.3ghz,3611,
20,thinkoffcenter,2x Intel Xeon E5 2695 V3,2.3ghz,3601,
21,Locutis,2x Intel Xeon E5 2687W V4,3ghz,3598,
22,Legendarypoet,AMD Ryzen 1950X,4.098ghz,3526,
23,Lemon Wolf,AMD Ryzen 1950X,4.039ghz,3515,
24,Cheddle,AMD Ryzen 1950X,3.996ghz,3440,
25,ReHWolution,AMD Ryzen 1950X,4ghz,3438,
26,0x00000001,AMD Ryzen 2950X,4ghz,3436,
27,ugotd8,AMD Ryzen 1950X,3.9ghz,3382,
28,done12many2,Intel Core I9 7920X,4.8ghz,3267,
29,ta420nk,AMD Ryzen 1950X,3.916ghz,3231,
30,magicsmoke,2x Intel Xeon E5 2683 V3,2.11ghz,3220,
31,The Veteran,Xeon E5 2696 V4,2.2ghz,3212,
32,valdyrgramr,AMD Ryzen 1950X,4ghz,3212,
33,pKc,Intel Core I9 7940X,4.2ghz,3208,
34,Filthyscum,Intel Core I9 7960X,4.2ghz,3170,
35,fast427,AMD Ryzen 1950X,3.7ghz,3137,
36,DeathPheonix,Intel Core I9 7920X,4.8ghz,3114,
37,rvborgh,4x AMD Opteron 61xx ES,3ghz,3112,
38,SandMartian,AMD Ryzen 1950X,3.4ghz,3056,
39,thinkoffcenter,2x Intel Xeon E5 2687W V3,3.1ghz,3053,
40,hereiam,2x Intel Xeon E5 2650 V4,2.2ghz,2998,
41,FireWalkerX,2x Intel Xeon E5 2683 V3,2ghz,2990,
42,Cactusoldman,AMD Ryzen 1950X,3.7ghz,2953,
43,YourGadgetGuy,AMD Ryzen 2950X,4.049ghz,2893,
44,kinski,2x Intel Xeon E5 2675 V3,1.8ghz,2880,
45,done12many2,Intel Core I9 7900X,5.1ghz,2872,
46,KillaX,Intel Core I9 7920X,4.4ghz,2837,
47,Cheddle,Intel Core I7 7900X,4.8ghz,2635,
48,thinkoffcenter,2x Intel Xeon E5 2680 V2,2.8ghz,2657,
49,joishw,AMD Ryzen 1920X,4.1ghz,2651,
50,Bikerman,2x Intel Xeon E5 2680 V2,2.8ghz,2634,
51,DarwinTheCat,Intel Core I9 7900X,4.8ghz,2558,
52,Slick,Intel Xeon E5 2699 v3,2.883ghz,2507,(mini system video)
53,LinusTech,Intel Xeon E5 2699 v3,2.883ghz,2468,(Intel Xeon E5 2699 v3 inital review and testing)
54,xeon_fan,Intel Xeon E5 2697 v3,3.551ghz,2443,
55,Krille21,Intel Core I9 7900X,4.5ghz,2416,
56,Axiste,Intel Core I9 7920X,4.3ghz,2398,
57,GMart84,Intel Core I9 9900K,5.4ghz,2369,
58,D.A.M IT!,Intel Core I7 6950X,4.5ghz,2354,
59,Lathlaer,Intel Core I7 6950X,4.4ghz,2345,
60,done12many2,Intel Core I7 6950X,4.5ghz,2344,
61,sergeantsilent,Intel Core I9 9900K,5.328ghz,2342,
62,AlexCo,Intel Core I7 6950X,4.4ghz,2325,
63,Mephi00,Intel Core I9 9900K,5.3ghz,2318,
64,VagabondWraith,fake extreme cpu :P,5ghz,2271,
65,BSpendlove,2x Intel Xeon E5 2687W,3.1ghz,2265,
66,kinski,2x Intel Xeon E5 2667 V3,2.9ghz,2291,
67,Maxitup5,Intel Core I9 7900X,4.4ghz,2266,
68,Jumper118,AMD Ryzen 7 2700X,4.909ghz,2261,
69,TahoeDust,fake extreme cpu :P,5ghz,2249,
70,TahoeDust,Intel Core I9 9900K,5.1ghz,2229,
71,SebastianEier,Intel Core I9 9900K,5.023ghz,2213,
72,MightyDuck91,Intel Core I9 9900K,5.14ghz,2205,
73,stlwrx,Intel Core I9 9900K,5ghz,2200,
74,Stefan1024,2x Intel Xeon E5 2680 ,3.111ghz,2182,
75,Wiggles5289,Intel Core I7 5960X ,5.4ghz,2166,
76,Jumper118,AMD Ryzen 7 1800X,4.79ghz,2160,LN2
77,WezIax,2x Intel Xeon X5690,4.707ghz,2134,
78,Jumper118,2x Intel Xeon X5675,4.669ghz,2128,
79,X_X,Intel Xeon E5 2683 V3,3.15ghz,2123,
80,AMGPower,Intel Core I7 7820X,4.8ghz,2119,
81,Ray_,Intel Core I7 6950X,4ghz,2112,
82,Jumper118,2x Intel Xeon E5 2670,3.12ghz,2105,
83,Blissed,Intel Xeon E7 4890 V2,2.8ghz,2100,
84,Damascus,Intel Core I7 6950X,4ghz,2090,
85,nick name,AMD Ryzen 7 2700X,4.421ghz,2058,
86,skylane,Intel Xeon E5 2695 v3,3.255ghz,2048,
87,Jumper118,Intel Core I7 5960X ,5.026ghz,2038,
88,done12many2,Intel Core I7 5960X ,4.962ghz,2033,
89,harrynowl,Intel Core I7 5960X ,5.125ghz,2021,
90,kinski,Xeon E5 26XX V4,2.8ghz,2011,
91,wobbler243,2x Intel Xeon E5 2670,2.6ghz,2007,
92,BigidaJigida,Intel Core I9 9900K,4.8ghz,2007,
93,Jun Ishiwata,Intel Core I9 9900K,4.722ghz,2003,
94,DingoFnBaby,AMD Ryzen 7 2700X,4.373ghz,1997,
95,RYDERUSMC,AMD Ryzen 7 2700X,4.39ghz,1989,
96,FlanK3r,Intel Core I7 5960X ,5.001ghz,1985,LN2
97,doomddomp,2x Intel Xeon E5 2670,2.6ghz,1978,
98,Densetsu,AMD Ryzen 7 2700X,4.308ghz,1977,
99,RealJeseyRob,2x Intel Xeon E5 2470 V2,2.4ghz,1974,
100,Masada02,Intel Core I7 5960X ,4.8ghz,1967,
101,Jamesrideout2,Intel Core I7 5960X ,4.832ghz,1962,
102,ProKoN,Intel Core I7 8086K,5.763ghz,1953,
103,Chauthyr,AMD Ryzen 7 2700X,4.25ghz,1945,
104,buzzinkeegs,AMD Ryzen 7 1800X,4.24ghz,1942,
105,Cheddle,AMD Ryzen 7 2700X,4.25ghz,1940,
106,JohnDongus,AMD Ryzen 7 2700X,4.249ghz,1940,
107,Jumper118,AMD Ryzen 7 1700,4.142ghz,1937,
108,Reikku,Intel Core I7 7820X,4.88ghz,1934,
109,rtsurfer,Intel Core I7 5960X ,4.759ghz,1929,
110,ENiX,2x Intel Xeon E5 2670,2.6ghz,1929,
111,Carterfarter mcbanned,Intel Core I7 5960X ,4.75ghz,1927,
112,Nordern,AMD Ryzen 7 2700X,4.242ghz,1919,
113,Crowzer,AMD Ryzen 7 2700X,4.25ghz,1913,
114,johnchoctossen,AMD Ryzen 7 1700,4.24ghz,1909,
115,ImBlue8176,AMD Ryzen 7 2700X,4.199ghz,1893,
116,multifrag,2x Intel Xeon X5675,4.301ghz,1892,
117,Evanair,AMD Ryzen 7 1800X,4.133ghz,1889,
118,0x0000001,AMD Ryzen 7 2700X,4.2ghz,1885,
119,KingCry,AMD Ryzen 7 2700X,4.2ghz,1883,
120,JPStone,AMD Ryzen 7 2700X,4.191ghz,1878,
121,cheshire76,AMD Ryzen 7 2700,4.195ghz,1861,
122,Tytan64,AMD Ryzen 7 1700,4.090ghz,1848,
123,runit3,Intel Core I7 5960X ,4.625ghz,1847,
124,WhisperingKnickers,2x Intel Xeon X5690,4.162ghz,1846,
125,mcplaza,AMD Ryzen 7 1800X,4ghz,1840,
126,GzeroD,2x Intel Xeon E5 2665 ,2.4ghz,1836,
127,porina,AMD Ryzen 7 1700,3.991ghz,1827,
128,Jauris,AMD Ryzen 7 2700X,4.091ghz,1822,
129,AlexCo,AMD Ryzen 7 1800X,4.141ghz,1818,
130,SlowMixit,Intel Core I7 8086K,5.457ghz,1814,
131,overthebars39,AMD Ryzen 7 2700X,4.1ghz,1813,
132,MageTank,Intel Core I7 8700K,5.399ghz,1811,
133,auster93,Intel Core I7 5960X ,4.581ghz,1809,
134,AstroSky,AMD Ryzen 7 1700,4.022ghz,1805,
135,mer.at,AMD Ryzen 7 1700,3.993ghz,1804,
136,mikkelreven,AMD Ryzen 7 1700X,4.047ghz,1804,
137,Trump2020,Intel Core I9 9900K,4.695ghz,1800,
138,penttila,Intel Core I7 7820X,4.5ghz,1798,
139,Dakkra,AMD Ryzen 7 2700X,4.225ghz,1792,
140,Klenex,AMD Ryzen 7 1700,4.015ghz,1791,
141,MeesterQ,Intel Core I7 7820X,4.6ghz,1791,
142,Belezeebub,Intel Core I7 5960X ,4.679ghz,1788,
143,lthanul,Intel Core I7 5960X ,4.6ghz,1783,
144,awettree,Intel Core I7 5960X ,4.6ghz,1775,
145,Analog,Intel Core I7 5960X ,4.5ghz,1770,
146,Ethan2163,Intel Core I7 8700K,5.301ghz,1770,
147,Shzzit,Intel Core I7 8700K,5.3ghz,1766,
148,AlexCo,AMD Ryzen 7 1700,3.992ghz,1764,
149,skullbringer,AMD Ryzen 7 1800X,4.108ghz,1762,
150,Dxer,AMD Ryzen 7 2700,3.99ghz,1760,
151,done12many2,Intel Core I7 8700K,5.1ghz,1756,
152,Dickielam,AMD Ryzen 7 1800X,3.999ghz,1756,
153,stealth80,AMD Ryzen 7 1700,4.015ghz,1755,
154,Pannalicour,AMD Ryzen 7 1700,3.941ghz,1754,
155,ViBEE,Intel Core I7 8700K,5.2ghz,1754,
156,Florb,Intel Core I7 5960X ,4.6ghz,1750,
157,This kid builds pc,AMD Ryzen 7 1700,3.993ghz,1750,
158,DarkSmith2,Intel Core I7 8700K,5.3ghz,1750,
159,Carde,AMD Ryzen 7 1800X,4.025ghz,1747,
160,Mr.Meerkat,AMD Ryzen 7 1700,3.898ghz,1736,
161,Gaidax,Intel Core I7 8086K,5.201ghz,1736,
162,Serin,Intel Core I7 5960X ,4.5ghz,1733,
163,FireStormChiMerA,AMD Ryzen 7 2700,3.8ghz,1725,
164,Audengineer,2x Intel Xeon E5 2630 v2,2.964ghz ,1724,
165,P4LL3R,Intel Core I7 5960X ,4.5ghz,1724,
166,Ashiella,AMD Ryzen 7 1700,3.939ghz,1720,
167,Najuno,Intel Core I7 5960X ,4.5ghz,1719,
168,B NEGATIVE,2x Intel Xeon X5650,3.83ghz,1712,
169,LSky,AMD Ryzen 7 1700,3.917ghz,1712,
170,zxsq,AMD Ryzen 7 1700X,3.925ghz,1711,
171,Masada02,Intel Core I7 8700K,5.1ghz,1711,
172,Sprawlie,AMD Ryzen 7 1700,3.85ghz,1710,
173,Picklestine,Intel Core I7 8700K,5.2ghz,1706,
174,knightslugger,AMD Ryzen 7 1700X,3.992ghz,1704,
175,GMart84,Intel Core I7 8086K,5.301ghz,1704,
176,PisUshax,AMD Ryzen 5 1600 8 Core,3.893ghz,1702,
177,Legendarypoet,Intel Core I7 8700K,5.2ghz,1700,
178,Szamus,Intel Core I7 6900K,4.4ghz,1699,
179,WHWidjaja,Intel Core I7 8086K,5.1ghz,1695,
180,Nah Xirok,AMD Ryzen 7 1700,3.807ghz,1694,
181,Zeny1,Intel Core I7 8700K,5.1ghz,1693,
182,MarcusR1700,AMD Ryzen 7 1700,3.894ghz,1689,
183,Deusrex,AMD Ryzen 7 1700X,3.975ghz,1686,
184,dogger20011,AMD Ryzen 7 1700,4ghz,1685,
185,Simon,AMD Ryzen 7 1700,3.824ghz,1684,
186,Coaxialgamer,AMD Ryzen 7 1700,3.8ghz,1683,
187,DarkSmith2,Intel Core I7 8700K,5ghz,1682,
188,Whitshad,AMD Ryzen 7 1700,3.724ghz,1682,
189,Cookybiscuit,Intel Core I7 8700K,5.1ghz,1680,
190,WHWidjaja,AMD Ryzen 7 1700,3.8ghz,1674,
191,Decon,2x Intel Xeon X5645,3.6ghz,1673,
192,Mr.Dingle,AMD Ryzen 7 1700,3.792ghz,1672,
193,citrix13,Intel Core I7 5960X ,4.4ghz,1671,
194,rtsurfer,Intel Core I7 5930K,5.590ghz,1670,
195,tbob22,Intel Xeon E5 1680 V2,4.6ghz,1669,
196,CrypticSnow,AMD Ryzen 7 2700X,4.275ghz,1668,
197,Mister Woof,Intel Core I7 8700K,5ghz,1661,
198,Dellers,Intel Core I7 8700K,4.901ghz,1658,
199,DanielWGK,AMD Ryzen 7 1700,3.75ghz,1654,
200,Quarantino,AMD Ryzen 7 1700,3.7ghz,1654,
201,helgehelge123,Intel Core I7 8700K,5.083ghz,1652,
202,daimonie,Intel Core I7 8700K,5ghz,1651,
203,aaws,Intel Core I7 8086K,5ghz,1651,
204,jstudrawa,Intel Core I7 8700K,5ghz,1650,
205,Cloveh,Intel Core I7 8700K,5ghz,1646,
206,Danboy360,AMD Ryzen 7 1700,3.899ghz,1644,
207,RealCereal,AMD Ryzen 7 1700X,3.790ghz,1644,
208,thenotoriousmma,Intel Core I7 8700K,5ghz,1641,
209,slightlyjaded,Intel Core I7 5960X ,3.75ghz,1640,
210,Riley-NZL,Intel Core I7 6900K,4ghz,1633,
211,kinski,AMD Ryzen 7 1700,3.8ghz,1633,
212,DickieIam,AMD Ryzen 7 1800X,3.85ghz,1629,
213,Masada02,another fake extreme cpu :P,5.1ghz,1621,
214,DunePilot,2x Intel Xeon X5690,3.46ghz,1612,
215,radar52,Intel Core I7 8700K,5.1ghz,1611,
216,Jumper118,AMD Ryzen 5 2600X,4.543ghz,1611,
217,scottyseng,Intel Xeon E5 2695 V3,2.5ghz,1608,
218,Rafael Pinto,Intel Core I7 8700K,5ghz,1606,
219,reptileexperts,Intel Core I7 8700K,5ghz,1605,
220,DeanS,2x Intel Xeon E5 2650,2.5ghz,1603,
221,dexT,Intel Core I7 5820K,5.251ghz,1603,
222,HaiDZ,AMD Ryzen 7 1700X,3.791ghz,1602,
223,agent_x007,Intel Xeon E5 1680 V2,4.5ghz,1602,
224,Poohy14,Intel Xeon E5 2670 V3,2.611ghz,1587,
225,cortexcortex,Intel Core I7 5960X ,4.2ghz,1585,
226,porina,Intel Xeon E5 2683 V3,2ghz,1585,
227,Cheddle,Intel Core I7 7800X,4.8ghz,1585,
228,Flowroro,Intel Core I7 8700K,5ghz,1580,
229,Kibbz,AMD Ryzen 7 1700,3.591ghz,1579,
230,seltzz08,AMD Ryzen 7 1700,3.641ghz,1576,
231,rtsurfer,Intel Core I7 5820K,5.135ghz,1568,
232,BTLCustom,AMD Ryzen 7 1700,3.65ghz,1567,
233,kinski,Intel Xeon E5 2683 V3,2.3ghz,1564,
234,C-Terezakis,Intel Core I7 5960X ,3.3ghz,1563,
235,O9B0666,Intel Core I7 8700K,4.9ghz,1555,
236,kinski,Intel Xeon E5 2675 V3,2ghz,1554,
237,Joostan,Intel Core I7 8700K,4.9ghz,1541,
238,Exifcient,Intel Core I7 8700K,4.7ghz,1540,
239,farhnorakzai,Intel Core I7 5960X ,4ghz,1534,
240,iggybo,AMD Ryzen 7 1700X,3.767ghz,1525,
241,Reutech,Intel Core I7 7820X,4.3ghz,1524,
242,Alexquer76,AMD Ryzen 7 2700,3.425ghz,1522,
243,rtsurfer,Intel Core I7 6700K,6.777ghz,1516,
244,Gofspar,Intel Core I7 5820K,4.964ghz,1515,
245,Jumper118,Intel Core I7 5930K,4.911ghz,1484,
246,TopHatProductions115,2x Intel Xeon X5680,3.458ghz,1477,
247,JRzoid,AMD Ryzen 5 2600X,4.298ghz,1477,
248,wcarr0305,AMD Ryzen 7 1700X,3.5ghz,1470,
249,DildorTheDecent,Intel Core I7 5820K,4.8ghz,1459,
250,Swiip,Intel Xeon E5 ???? V3,2.7ghz,1459,
251,K0NA,2x Intel Xeon X5675,3.333ghz,1450,
252,harrynowl,Intel Xeon E5 1650 ,5.597ghz,1443,
253,JurunceNK,Intel Core I7 5930K,4.8ghz,1442,
254,Melmac,AMD Ryzen 5 2600X,4.191ghz,1440,
255,Lays,Intel Core I7 5820K,4.759ghz,1437,
256,tbob22,2x Intel Xeon X5670,2.94ghz,1434,
257,JohnDongus,AMD Ryzen 5 1600X,4.247ghz,1431,
258,TheHawzzy,Intel Core I7 8700K,4.4ghz,1430,
259,PtrkLnk,2x Intel Xeon X5675,3.458ghz,1428,
260,Frankz,Intel Core I7 5820K,4.7ghz,1425,
261,Jumper118,AMD Ryzen 5 1600X,4.015ghz,1424,
262,Jumper118,AMD Ryzen 5 1600,4.040ghz,1421,
263,Princess Cadence,Intel Core I7 8700,4.428ghz,1415,
264,TKmebrah,Intel Core I7 5820K,4.7ghz,1412,
265,AlexCo,Intel Core I7 6800K,4.4ghz,1409,
266,Cheddle,Intel Core I7 5820K,4.75ghz,1409,
267,Jumper118,Intel Core I7 5820K,4.625ghz,1407,
268,KazeNilrem,Intel Core I7 9700K,4.3ghz,1407,
269,adidawha,AMD Ryzen 5 1600X,4.190ghz,1403,
270,Jumper118,Intel Core I7 3930K,5.428ghz,1400,SS Phase
271,Tam3n,Intel Core I7 3970X,5.257ghz,1399,
272,Schnoz,AMD Ryzen 5 2600,4.066ghz,1398,
273,shadowst3p,Intel Core I7 8700K,4.5ghz,1395,
274,Jumper118,Intel Xeon E5 1650 ,5.353ghz,1384,
275,HummeIMD,Intel Core I7 5930K,4.541ghz,1383,
276,glenalz81,AMD Ryzen 5 1600X,4.093ghz,1373,
277,Curufinwe_wins,Intel Core I7 5820K,4.6ghz,1372,
278,Eton,AMD Ryzen 5 2600X,4.049ghz,1366,
279,TheUnsimlingCat,Intel Core I7 6800K,4.5ghz,1363,
280,ViBEE,Intel Core I7 5820K,4.625ghz,1359,
281,Exothermia,Intel Core I7 6800K,4.3ghz,1357,
282,JoshM813,Intel Core I7 6800K,4.368ghz,1356,
283,MoriasGT,Intel Core I7 3930K,5.155ghz,1356,
284,rafazafar,Intel Xeon E5 2658 V3,2.2ghz,1346,
285,retsel007,Intel Core I7 4930K,5ghz,1344,
286,Morgan Everett,Intel Core I7 6800K,4.3ghz,1344,
287,PapersNick,AMD Ryzen 5 1600,4.1ghz,1343,
288,Djxinator,Intel Core I7 6800K,4.2ghz,1340,
289,NumLock21,Intel Xeon E5 1650 V3,4.536ghz,1339,
290,Valermos,Intel Core I7 5820K,4.5ghz,1337,
291,jabumaho,Intel Core I7 5820K,4.7ghz,1337,
292,Anthariel,Intel Core I7 5820K,4.6ghz,1336,
293,runit3,Intel Core I7 5820K,4.5ghz,1333,
294,mer.at,2x Intel Xeon X5670,2.933ghz,1333,
295,Giganthrax,AMD Ryzen 5 1600X,3.99ghz,1332,
296,Cheddle,Intel Core I7 5820K,4.7ghz,1331,
297,TonySmithJr,Intel Core I7 5820K,4.5ghz,1330,
298,Mrchooow,Intel Core I7 6800K,4.2ghz,1328,
299,DeathPheonix,Intel Core I7 6850K,4.3ghz,1328,
300,Omy0453,AMD Ryzen 5 1600X,3.999ghz,1325,
301,spanky1991,Intel Core I7 5820K,4.4ghz,1323,
302,Tech Wizard,Intel Xeon E5 1650 V2,4.838ghz,1322,
303,Glitchmaster0001,2x Intel Xeon X5650,2.67ghz,1321,
304,DiGiTaL FaKiE,AMD Ryzen 5 1600,3.874ghz,1321,
305,Ruy,AMD Ryzen 5 1600X,4.026ghz,1321,
306,FredyCH,Intel Core I7 8700K,4.3ghz,1321,
307,Vaub,Intel Core I7 5820K,4.5ghz,1320,
308,Lays,Intel Core I7 7700K,5.898ghz,1318,
309,bigbear2k,Intel Core I7 5820K,4.6ghz,1316,
310,DarkMatterX1,AMD Ryzen 5 1600X,3.95ghz,1315,
311,lh99,Intel Core I7 5820K,4.6ghz,1313,
312,Frankenburger,Intel Core I7 5820K,4.551ghz,1313,
313,NetherRealm,AMD Ryzen 5 2600X,4.048ghz,1313,
314,COSTAS_,AMD Ryzen 5 1600,3.791ghz,1312,
315,thinkoffcenter,2x Intel Xeon X5650,2.67ghz,1310,
316,StepinCurry,AMD Ryzen 5 1600,3.892ghz,1309,
317,walkawalka,AMD Ryzen 5 1600,3.942ghz,1309,
318,Pyroven,2x Intel Xeon X5660,2.8ghz,1307,
319,Mike455832,AMD Ryzen 5 1600X,3.999ghz,1307,
320,Poohy14,Intel Core I7 6850K,4.2ghz,1304,
321,Prastupok,Intel Core I7 5820K,4.6ghz,1303,
322,MatthewAscough,2x Intel Xeon X5650,2.933ghz,1303,
323,NutzInTheHead,Intel Core I7 5820K,4.5ghz,1302,
324,kinski,4x AMD Opteron 8435,2.62ghz,1302,
325,sgloux3470,AMD Ryzen 5 1600,3.79ghz,1302,
326,Tech Wizard,Intel Core I7 3930K,4.957ghz,1302,
327,KB_TheDireWolf,AMD Ryzen 5 1600,3.992ghz,1300,
328,DeathPheonix,Intel Core I7 5930K,4.5ghz,1296,
329,TorqueS,AMD Ryzen 5 1600,3.85ghz,1295,
330,Tech Wizard,Intel Xeon E5 1650 ,4.909ghz,1294,
331,MegaTechPC,Intel Core I7 3960X,5ghz,1293,
332,lucasalles,Intel Core I7 5930K,4.4ghz,1293,
333,mrbulle,Intel Core I7 4960X,4.8ghz,1290,
334,This kid builds pc,AMD Ryzen 5 1600,4ghz,1290,
335,ghostdogg,Intel Core I7 5820K,4.5ghz,1288,
336,TheLhent,Intel Core i7 3930K,5.1ghz,1287,
337,R24,AMD Ryzen 5 1600,3.892ghz,1286,
338,kwongsir,Intel Core I5 8600K,5.1ghz,1286,
339,Tech Wizard,Intel Core I7 3960X,4.824ghz,1284,
340,Lays,Intel Core I7 3930K,5.1ghz,1283,
341,NJM1112,Intel Core I7 5930K,4.4ghz,1282,
342,dave_k,AMD Ryzen 5 1600,3.89ghz,1281,
343,mmCharles,AMD Ryzen 5 1600,3.89ghz,1281,
344,LOLPhilips,Intel Core I7 3930K,5ghz,1279,
345,agent_x007,Intel Core I7 4960X,4.733ghz,1279,
346,LastThoughts,Intel Core I7 5820K,4.4ghz,1277,
347,Conner Price,Intel Core I7 8600K,5.1ghz,1275,
348,Abakan,Intel Core I7 5820K,4.4ghz,1274,
349,Sunako,Intel Core I7 5930K,4.7ghz,1273,
350,Jumper118,Intel Xeon X5675,5.474ghz,1273,
351,Lays,Intel Core I7 6700K,5.656ghz,1272,
352,Tech Wizard,Intel Core I7 4930K,4.605ghz,1267,
353,iCrazyNoob,Intel Xeon E5-2620 V2,2.1ghz,1265,
354,roberrrtz,Intel Core I7 5930K,4.374ghz,1263,
355,Alexdaman,Intel Core I7 3930K,5ghz,1262,
356,tbob22,Intel Xeon E5 1650 ,4.934ghz,1262,
357,MegaTechPC,Intel Core I7 4930K,4.7ghz,1260,
358,hehehehhehehehe,Intel Core I7 4930K,4.724ghz,1259,
359,Dxer,AMD Ryzen 5 1600,3.89ghz,1257,
360,RxL,Intel Core I7 5930K,4.5ghz,1255,
361,Ground,Intel Xeon E5649,5.306ghz,1251,
362,xpewpew,Intel Core I5 8600K,5.1ghz,1250,
363,done12many2,Intel Core I7 7700K,5.601ghz,1247,
364,Prince32780,Intel Core I7 3930K,5.0ghz,1244,
365,DXMember,Intel Core I7 5820K,4.2ghz,1240,
366,pmf026,Intel Core I7 6850K,4ghz,1240,
367,Mr.Meerkat,Intel Core I7 5820K,4.2ghz,1240,
368,Reutech,Intel Core I7 6800K,4.2ghz,1238,
369,Reutech,Intel Core I7 5820K,4.3ghz,1236,
370,rtsurfer,Intel Core I7 6700K,5.5ghz,1235,
371,Lmp,Intel Core I7 5820K,4.4ghz,1232,
372,Faa,Intel Core I7 3930K,4.8ghz,1232,
373,stlwrx,Intel Core I7 8600K,5ghz,1232,
374,KOMTechAndGaming,Intel Core I7 3930K,4.8ghz,1225,
375,Crunchy Dragon,AMD Ryzen 5 1600,3.793ghz,1225,
376,RainesX,Intel Core I7 5820K,4.4ghz,1223,
377,Simon771,Intel Core I7 8600K,5ghz,1221,
378,ShadowTechXTS,AMD Ryzen 5 1600,3.8ghz,1216,
379,ProKoN,Intel Core I7 7700K,5.411ghz,1215,
380,arnavvr,2x Intel Xeon E5630,3.8ghz,1213,
381,MrUnderground,AMD Ryzen 5 1600,3.8ghz,1210,
382,Skline00,Intel Core I7 3930K,4.8ghz,1209,
383,ProKoN,Intel Core I7 980X,5.151ghz,1208,
384,toms94z71,Intel Core I7 4930K,4.8ghz,1206,
385,Atsura,Intel Core I7 6800K,4.192ghz,1205,
386,ProKoN,Intel Core I7 6700K,5.341ghz,1203,
387,batpanda,Intel Core I7 5820K,4.2ghz,1202,
388,herman mcpootis,Intel Xeon E5 2670 V2,2.7ghz,1202,
389,TheGamingBarrel,Intel Core I7 4770K,5.9ghz,1200,
390,Lays,Intel Core I7 4790K,5.813ghz,1196,
391,seoz,Intel Core I5 8600K,5ghz,1189,
392,Michelle68,Intel Core I7 5930K,3.5ghz,1186,
393,BlizzHeroNuka,Intel Core I7 5820K,4.1ghz,1180,
394,joishw,2x Intel Xeon X5649,2.651ghz,1175,
395,PingPangbv,Intel Core i7 3930K,4.6ghz,1173,
396,Hal_9000,Intel Core I7 5820K,4ghz,1168,
397,Bubblewhale,Intel Core I7 7700K,5.3ghz,1168,
398,Nogghan,Intel Core I7 8600K,5ghz,1167,
399,Cacao,Intel Core I7 3930K,4.9ghz,1163,
400,rtsurfer,Intel Core I7 4790K,5.607ghz,1163,dice dice baby https://www.youtube.com/watch?v=rog8ou-ZepE
401,Castlebravo3154,Intel Core I5 8600K,4.7ghz,1162,
402,Abakan,Intel Core I7 5820K,4ghz,1159,
403,danakahawkeye,AMD Ryzen 5 1600,3.492ghz,1158,
404,ProRules,Intel Core I7 7700K,5.153ghz,1152,
405,ProKoN,Intel Core I7 4790K,5.558ghz,1151,dice dice baby https://www.youtube.com/watch?v=rog8ou-ZepE
406,Bordermick,Intel Core I7 3930K,4.5ghz,1150,
407,Lays,Intel Core I7 4770K,5.6ghz,1149,dice dice baby https://www.youtube.com/watch?v=rog8ou-ZepE
408,connbob,AMD Ryzen 5 1600,3.742ghz,1148,
409,Ensho,Intel Core I7 7700K,5.101ghz,1144,
410,Frosty,2x Intel Xeon E5645,2.4ghz,1140,
411,agent_x007,Intel Xeon X5650,4.51ghz,1040,
412,The76i,Intel Core I5 8600K,4.6ghz,1138,
413,Pasi123,AMD Ryzen 5 1600,3.6ghz,1136,
414,DragonTamer1,Intel Xeon E5 1650 ,4.7ghz,1135,
415,MightyHammer,AMD Ryzen 5 1600,3.5ghz,1135,
416,Xetano,Intel Core I7 8600K,4.3ghz,1134,
417,TheLhent,Intel Core I7 3960X,4.5ghz,1130,
418,Ally1987,Intel Core I7 3930K,4.5ghz,1128,
419,UrbanFreestyle,Intel Xeon E5 2690,3.4ghz,1127,
420,TomBowers,Intel Core I7 3970X,4.4ghz,1126,
421,640-XIII,AMD Ryzen 5 1600,3.5ghz,1125,
422,Jumper118,Intel Xeon E5 2670 ,3.21ghz,1123,
423,harrynowl,Intel Core I7 4930K,4.2ghz,1118,
424,LSky,Intel Core I7 7700K,5.1ghz,1114,
425,iHardware Shelden,Intel Core I7 5820K,3.99ghz,1111,
426,TheGingerKid,Intel Core I7 3930K,4.5ghz,1107,
427,skullbringer,Intel Core I7 4930K,4.4ghz,1107,
428,Bob CAD,Intel Core I7 3960X,4.3ghz,1106,
429,tbob22,Intel Xeon E5 2670 ,3.195ghz,1104,
430,DeanS,Intel Xeon X5690,4.812ghz,1103,
431,Intelfreak,Intel Core I7 980X,4.772ghz,1103,
432,wildthing,Intel Xeon X5660,4.641ghz,1099,
433,captain_cereal_hands,Intel Core I7 6800K,3.5ghz,1099,
434,ProKoN,Intel Xeon X5650,4.76ghz,1098,dice dice baby https://www.youtube.com/watch?v=rog8ou-ZepE
435,Linearbrun,Intel Core I7 5820K,3.3ghz,1096,
436,arnavvr,Intel Core I7 3930K,4.3ghz,1092,
437,Rainin,Intel Core I7 5820K,3.8ghz,1091,
438,nerd866,Intel Core I7 3930K,4.313ghz,1089,
439,devilsdesigner,Intel Core I7 4930K,4.1ghz,1087,
440,harrynowl,Intel Core I7 4770K,5.3ghz,1087,
441,bimmerman,Intel Xeon X5675,4.715ghz,1083,
442,CheersGeoff,Intel Core I7 3930K,4.2ghz,1080,
443,gt403cyl,Intel Core I7 6700K,4.911ghz,1078,
444,Mutoh,Intel Core I7 6700K,4.8ghz,1077,
445,ericlee30,Intel Core I7 3970X,4.5ghz,1074,
446,Demonking,Intel Core I7 7700K,5ghz,1072,
447,rtsurfer,Intel Core I7 6700K,4.8ghz,1071,
448,billstelling,Intel Xeon X5690,4.6ghz,1071,
449,Growlithe,Intel Core I7 6700K,4.8ghz,1066,
450,Alatar,Intel Core I7 4770K,5.353ghz,1065,Phase cooling
451,Cosmos_i7,Intel Core I7 3930K,4.3ghz,1062,
452,tbob22,Intel Xeon X5670,4.616ghz,1060,
453,Glideslope,Intel Core I7 6700K,5ghz,1060,
454,mxthunder,Intel Core I7 4790K,5.2ghz,1058,
455,Jack Kaye Pc Gamer,Intel Core I7 3930K,4.112ghz,1058,
456,LSky,Intel Core I7 6700K,4.789ghz,1056,
457,mkdragon,Intel Core I7 7700K,5.1ghz,1056,
458,I3igwill,Intel Core I7 3960X,4.2ghz,1054,
459,MysticalRainXIV,Intel Core I7 6700K,4.781ghz,1055,
460,rtsurfer,Intel Core I7 4790K,5.1ghz,1051,
461,Jumper118,Intel Xeon X5680,4.447ghz,1051,
462,suprageo,Intel Core I7 6700K,4.923ghz,1049,
463,Darkman,Intel Core I7 6700K,4.701ghz,1049,
464,knobster368,Intel Core I7 6700K,4.8ghz,1049,
465,maybethisnamewillwork,Intel Core I7 4790K,5.104ghz,1048,
466,GamingMemeKing,Intel Core I7 7700K,4.8ghz,1048,
467,Jumper118,AMD Ryzen 5 1500X,4.494ghz,1046,
468,Nitrodragon,Intel Core I7 7700K,5.002ghz,1042,
469,Morgan NLGman,Intel Core I7 6700K,4.7ghz,1038,
470,batpanda,Intel Core I7 5820K,3.9ghz,1037,
471,NnifWald,Intel Xeon E5 2670 ,2.6ghz,1035,
472,Conti93,Intel Core I7 4790K,5.025ghz,1034,
473,joishw,Intel Core I7 5820K,4ghz,1033,
474,FellTheSky,Intel Core I7 6700,4.707ghz,1033,
475,0ld_Chicken,Intel Core I7 4790K,5ghz,1026,
476,G3CK,Intel Core I7 6700K,4.7ghz,1025,
477,NinjaTerd,Intel Core I7 6700K,4.7ghz,1025,
478,Jumper118,Inel Xeon W3670,4.487ghz,1025,
479,sgtheadhole,Intel Xeon X5650,4.723ghz,1024,
480,domiurg,Intel Core I7 6700K,4.7ghz,1024,
481,minipep,Inel Xeon W3680,4.8ghz,1024,
482,Master Disaster,Intel Core I7 6700K,4.7ghz,1023,
483,SpeedKingManu,Intel Core I7 4790K,5ghz,1022,
484,the75bag,Intel Core I7 6700K,4.8ghz,1022,
485,paddy-stone,Intel Core I7 6700K,4.7ghz,1020,
486,PaintCan1,Intel Core I7 6700K,4.7ghz,1020,
487,kinski,Intel Xeon E5 2670 ,3ghz,1018,
488,SlowMixit,Intel Xeon X5670,4.512ghz,1017,
489,JWMutant,Intel Core I7 4930K,3.4ghz,1016,
490,Br3tt96,Intel Core I7 4790K,5ghz,1015,
491,RageDev,Intel Core I7 3930K,4ghz,1013,
492,Hippo,Inel Xeon W3680,4.495ghz,1011,
493,Pasi123,Intel Xeon X5670,4.44ghz,1011,
494,kurtbarker,Intel Core I7 6700K,4.6ghz,1006,
495,rtpb5642,Intel Core I7 4770K,4.959ghz,1004,
496,DunePilot,Intel Xeon X5675,4.312ghz,1004,
497,KingCry,Intel Core I7 4770K MKII,4.861ghz,1003,
498,xtnt5x,Intel Core I7 6700K,4.6ghz,1003,
499,ProKoN,Intel Core I7 3770K,5.463ghz,1002,
500,TheFalseHuman,Intel Core I7 5820K,3.3ghz,1000,
501,OCing Noob,Intel Core I7 4790K,5ghz,1000,
502,Ronnie76,Intel Core I7 4790K,4.9ghz,1000,
503,chimpp,Intel Core I7 6700K,4.5ghz,1000,
504,ProKoN,Intel Core I7 4770K,4.907ghz,999,
505,Simon771,Xeon E5 2620 V4,2.3ghz,999,
506,Scott17818,Intel Core I7 6700K,4.554ghz,998,
507,ProKoN,Intel Core I7 2700K,5.608ghz,997,
508,The Benjamins,Xeon D-1541,2.1ghz,996,
509,r1Ns3,Intel Core I7 6700K,4.7ghz,992,
510,knightslugger,Intel Core I7 6700K,4.6ghz,992,
511,Slick,Intel Core I7 6700K,4.7ghz,990,https://www.youtube.com/watch?v=fQ63w5_vXbg
512,zeros,Intel Xeon E5 1650 V2,3.5ghz,990,
513,hitako,Intel Core I7 4790K,4.85ghz,989,
514,Banno,Intel Core I7 4790K,4.9ghz,988,
515,mxthunder,Intel Core I7 3770K,5.4ghz,985,UP7 
516,Priller,Intel Core I7 4790K,4.9ghz,985,
517,Vanb,Intel Core I7 5820K,3.3ghz,985,
518,pakhtunov,Intel Core I7 4790K,5ghz,985,
519,bamerx98,Intel Core I7 4790K,4.8ghz,981,
520,runit3,Intel Core I7 4790K,4.8ghz,981,
521,Overl0rd,Intel Core I7 980X,4.3ghz,981,
522,ProKoN,Intel Core I7 2600K,5.503ghz,979,
523,Low_Battery,Intel Core I7 6700K,4.6ghz,979,
524,asand1,Intel Xeon X5680,4.5ghz,979,
525,Razzaa,Intel Core I7 4790K,4.830ghz,978,
526,Gofspar,Intel Core I7 3770K,5.303ghz,978,
527,CthulDude,Intel Core I7 4770K,4.9ghz,976,
528,ryan9298b2,Intel Core I7 990X,4.54ghz,976,
529,Jumper118,Intel Core I7 4770K,4.7ghz,975,
530,SkilledRebuilds,Intel Core I7 4790K,4.807ghz,975,
531,done12many2,Intel Core I7 4790K,4.804ghz,974,
532,IHardware Shelden,Intel Core I7 7700K,4.2ghz,973,
533,DoctorZeus,Intel Xeon X5675,4.21ghz,971,
534,agent_x007,Intel Core I7 980X,4.101ghz,969,
535,Jumper118,AMD FX9590,5.998ghz,967,
536,gt403cyl,Intel Core I7 4770K,4.8ghz,966,
537,Slick,Intel Core I7 4790K,4.8ghz,964,
538,Jeffee,Intel Core I7 4770K,4.8ghz,964,
539,DeathPheonix,Intel Core I7 4790K,4.8ghz,963,
540,runit3,Intel Core I7 980X,4.147ghz,962,
541,QuadFeed,Intel Core I7 4790K,4.8ghz,962,
542,Wingfan,Intel Core I7 4790K,4.859ghz,961,
543,Bagmup,Intel Core I7 4790K,4.8ghz,961,
544,Madmonsta,Intel Core I7 5820K,3.3ghz,961,
545,buzzinkeegs,AMD Ryzen 5 1500X,4.090ghz,961,
546,Dabombinable,Intel Core I7 4790K,4.8ghz ,958,
547,Relvex,Intel Core I7 4790K,4.7ghz,958,
548,Ground,Intel Xeon L5640,4.087ghz,956,
549,Syrex7,Intel Core I7 4790K,4.7ghz,955,
550,thekeemo,Intel Core I7 4790K,4.8ghz,953,
551,BygMen,Intel Xeon X5670,4.2ghz,953,
552,Rainin,Intel Core I7 5820K,3.3ghz,952,
553,juretrn,Intel Xeon X5660,4.2ghz,951,
554,TheGingerKid,Intel Core I7 4790K,5ghz,950,
555,reptileexperts,Intel Core I7 4790K,4.8ghz,949,
556,Yeater,Intel Core I7 4790K,4.806ghz,948,
557,t-scene,Intel Core I7 4790K,4.8ghz,948,
558,WildChickenNutz,Intel Core I7 4790K,4.9ghz,945,
559,FBPerformance,Intel Core I7 4790K,4.7ghz,945,
560,bamerx98,Intel Core I7 4790K,4.7ghz,944,
561,The_Strict_Nein,Intel Core I7 4790K,4.7ghz,942,
562,vinyldash303,Intel Xeon E5 2660,2.2ghz,942,
563,HoZy,Intel Core I7 4790K,4.7ghz,941,
564,Metalmoonbat,Intel Core I7 4790K,4.7ghz,940,
565,LAazsx,Intel Core I7 4790K,4.771ghz,940,
566,masterkickass7,Intel Core I7 6700K,4.4ghz,940,
567,fortunez,Intel Core I7 4790K,4.8ghz,938,
568,tc3driver,Intel Core I7 4790K,4.7ghz,936,
569,Real_PhillBert,Intel Core I7 4790K,4.7ghz,936,
570,mrbulle,Intel Core I7 4770K,4.6ghz,936,
571,amadino13,Intel Core I7 4790K,4.7ghz,936,
572,levibaker88,Intel Core I7 4790K,4.7ghz,935,
573,ImadKnight,Intel Xeon X5650,3.96ghz,933,
574,bamerx98,Intel Core I7 4790K,4.6ghz,932,
575,fredrodregus,Intel Core I7 4790K,4.691ghz,931,
576,Tam3n,Intel Core I7 3820,5.272ghz,931,
577,VSG,Intel Core I7 4770K,4.633ghz,930,
578,KingCry,Intel Core I7 4770K,4.501ghz,927,
579,Jumper118,Intel Core I7 2600K,5.227ghz,927,Mpower 1.62V
580,App4that,Intel Core I7 4790K,4.6ghz,926,
581,Speedsterx7,Intel Core I7 7700K,4.2ghz,925,
582,joseph0312,Intel Core I7 4770K,4.7ghz,923,
583,ApexMaster,Intel Core I7 4790K,4.6ghz,921,
584,TheDigitalRealm,Intel Core I7 3770K,5.1ghz,918,
585,deathjester,Intel Core I7 4770K,4.5ghz,918,
586,harrynowl,Intel Core I7 2600K,5.3ghz,917,
587,sayimk007,Intel Core I7 6700K,4ghz,916,
588,Thorium19,Intel Core I7 4790K,4.6ghz,915,
589,MichiganChucker,Intel Core I7 4790K,4.6ghz,915,
590,SuperBee,Intel Core I7 4770K,4.498ghz,914,
591,WaitForMeImOnDialUp,Intel Core I7 4770K,4.6ghz,913,
592,NeCrOmAnCiN,Intel Core I7 2600K,5.2ghz,912,
593,abhay6547,Intel core I7 4770K,4.446ghz,908,
594,ProKoN,AMD FX9370,5.587ghz,907,
595,Jumper118,Intel Core I5 6600K,5.341ghz,906,
596,Matthew Korotkin,Intel Core I7 4790K,4.6ghz,903,
597,Jumper118,Intel Core I7 3770K,4.925ghz,902,Mpower 1.575V
598,Jumper118,Intel Core I7 3820,5.154ghz,902,
599,Frankiezjr,Intel Core I7 4790K,4.6ghz,901,
600,Omid,Intel Core I7 4770K,4.5ghz,901,
601,Chevy_Monsenhor,Intel Xeon X5670,4.009ghz,901,
602,rfcokkilljoy,Intel Core I5 7600K,5.3ghz,898,
603,Tech Wizard,Intel Core I7 3820,5.023ghz,895,
604,ProKoN,AMD FX9590,5.552ghz,894,
605,i_build_nanosuits,Intel Core I7 4770K,4.4ghz,891,
606,DildorTheDecentCPUatlast,Intel Core I7 2700K,5ghz,890,
607,Jumper118,Intel Core I5 6500 ,5.261ghz,889,
608,perplex,Intel Core I7 4790K,4.4ghz,884,
609,3DDude,Intel Core I7 3930K,3.2ghz,883,
610,Gazereths,Intel Core I7 4790K,4.4ghz,883,
611,Carde,Intel Core I7 3770K,5ghz,880,
612,Master Disaster,Intel Core I7 4770K,4.4ghz,880,
613,ungreedy,Intel Core I7 4770K,4.4ghz,879,
614,chitanjan,Intel Core I7 980X,4.22ghz,876,
615,Overl0rd,Intel Core I7 2600K,5.1ghz,875,
616,MightyUnit,Intel Core I7 3770K,5ghz,875,
617,nokturrduk84,Intel Core I7 3770K,4.8ghz,875,
618,MrZeroGood,Intel Core I7 4790K,4.7ghz,875,
619,The Gaige,Intel Core I7 4770K,4.4ghz,874,
620,vm'N,Intel Core I7 4770K,4.49ghz,874,
621,StackUnderFlow,Intel Core I7 6700K,4ghz,874,
622,PHWOARR,Intel Core I7 6700K,4ghz,874,
623,Bubblewhale,Intel Core I7 2600K,5.0ghz,874,
624,Lays,Intel Core I7 4790K,4.4ghz,870,
625,MblaZe7run,Intel Core I7 6700K,4ghz,870,
626,CyberneticTitan,Intel Core I7 4770K,4.3ghz,868,
627,LSky,Intel Core I7 4770K,4.3ghz,866,
628,Simon771,Intel xeon E3 1270 V6,3.8ghz,865,
629,Ground,Intel Xeon E5640,5.37ghz,863,
630,IronMidHeaven,Intel Core I7 2700K,4.899ghz,862,
631,Overl0rd,2x Intel Core 2 Quad QX9775 ,4.189ghz,861,
632,ivhyn,Intel Core I7 2700K,5ghz,860,
633,skitz9417,Intel Core I7 3820,4.32ghz,859,
634,kinski,AMD Ryzen 5 2400G,4ghz,859,
635,Cheddle,Intel Core I5 7640X,5.5ghz,858,
636,MountainDrew,Intel Core I7 4770K,4.4ghz,856,
637,Icetrio,Intel Xeon E5 2697 V4,2.3ghz,856,
638,THC Gremlin,Intel Core I7 4770K,4.4ghz,855,
639,CzarFrog,Intel Core I7 4790K,4ghz,852,
640,Isstefan,Intel Core I5 7600K,5.1ghz,851,
641,turbobooster,Intel Core I7 3820,5ghz,850,
642,Heydan83,Intel Core I7 3770K,4.7ghz,847,
643,Django,Intel Core I7 3770K,4.7ghz,843,
644,Ground,Intel Xeon W3520,5.215ghz,843,
645,Priller,AMD FX8350,5.3295ghz,842,
646,BSpendlove,2x Xeon E5 2609 V3,1.9ghz,842,
647,KingCry ,Intel Core I7 4770K,4.2ghz,840,
648,Dabobminable,Intel Core I7 4790K,4.4ghz,839,
649,NumLock21,Intel Xeon E5-2620 V3,2.729ghz,838,
650,Jumper118,AMD FX8320,5.187ghz,838,Single stage phase
651,Do Duc Huy,Intel Core I7 2600K,5ghz,838,
652,Flojer0,Intel Core I7 2600K,4.8ghz,834,
653,harrynowl,AMD FX8320,5.141ghz,833,
654,B4Quattro,Intel Core I7 3770K,4.6ghz,833,
655,Madspec,Intel Core I7 4770K,4.4ghz,831,
656,Kizune,Intel xeon D1537,1.7ghz,831,
657,ProKoN,Intel Core I7 3770,4.678ghz,830,
658,666Havran,Intel Xeon E5-2620 V3,2.5ghz,830,
659,Coaxialgamer,Intel Core I7 3770K,4.6ghz,827,
660,LSky,Intel Core I5 6600K,5ghz,826,
661,Waqas409,Intel Xeon W3690,3.47ghz,824,
662,fx63007850,AMD FX8350,5.108ghz,823,
663,NathanLawr0,Intel Core I7 6700,3.4ghz,823,
664,purple_rider,Intel Xeon E3 1240 V5,3.5ghz,822,
665,Jumper118,Intel Core I5 6500 ,4.851ghz,821,
666,Methos,Intel Core I5 4690K,5.202ghz,821,
667,ProKoN,Intel Core I7 950,4.910ghz,819,
668,PianoPlayer88Key,Intel Core I7 4790K,4ghz,817,
669,Jumper118,Intel Core I5 3570K,5.703ghz,816,
670,Chris635,AMD FX8350,5.016ghz,814,
671,bamerx98,AMD FX8350,5.117ghz,812,
672,This kid builds pc,Intel Core I7 2600K,4.691ghz,811,
673,GoogleGonnaSaveUs,Intel Xeon E3 1240 V5,3.5ghz,810,
674,communistwatermelon,Intel Core I7 2600K,4.612ghz,806,
675,Methodical,Intel Core I7 2600K,4.6ghz,806,
676,1988fido,Intel Core I7 3770K,4.6ghz,805,
677,harrynowl,Intel Core I5 3570K,5.651ghz,805,
678,MrJimmyPenguin,Intel Core I7 4770,3.977ghz,804,
679,JimStrijk,Intel Core I7 2600K,4.8ghz,803,
680,Ground,Intel Xeon E5620,4.949ghz,803,
681,OhYou_,2x Intel Xeon X5470,4.096ghz,801,
682,sgloux3470,AMD FX9370,5.017ghz,801,
683,Analog,Intel Core I7 3820,4.7ghz,801,
684,shairene,Intel Core I5 7600K,5.1ghz,801,
685,Jumper118,Intel Core I7 3770,4.306ghz,801,
686,Princess Cadence,Intel Core I7 6700,3.4ghz,800,
687,KingCry,Intel Core I7 4770,4.106ghz,800,
688,nicstar,Intel Core I7 3770K,4.5ghz,799,
689,SeriousArts,Intel Core I5 6600K,4.842ghz,796,
690,NeGaTo,AMD FX8350,4.99ghz,795,
691,Schern,Intel Core I7 4770K,3.9ghz,792,
692,James_Lutzke,Intel Core I5 6600K,5ghz,792,
693,MysticalRainXIV,AMD FX8320,5ghz,791,
694,stevv,Intel Core I7 2600K,4.789ghz,790,
695,D3MON,AMD FX8320,4.944ghz,790,
696,Kinski,Intel Xeon L5640,3.408ghz,789,
697,ProKoN,Intel Core I5 4690K MKII,5.1ghz,788,
698,Zexter,AMD FX8320,5.017ghz,787,
699,TheNinjaNextDor,Intel Core I7 3770K,4.5ghz,787,
700,Jumper118,Intel Xeon W3520,4.977ghz,787,Single stage phase
701,RicY,AMD FX8350,5.016ghz,787,
702,Linus Theft Tips,Intel Core I5 6600K,4.7ghz,786,
703,Daan033,AMD Ryzen 5 1400,3.7ghz,785,
704,ProKoN,AMD FX8350,4.925ghz,784,
705,Mr. Fox,Intel Core I7 3920XM,4.5ghz,783,
706,Jumper118,Intel Core I5 6600,4.614ghz,781,
707,Reaver,AMD FX9370,4.917ghz,780,
708,bkb1978,Intel Core I7 3770,4.27ghz,776,
709,Srnewbee,Intel Core I7 3770K,4.5ghz,775,
710,ProKoN,Intel Core I5 3570K,5.38ghz,773,
711,harrynowl,Intel Core i7 920,4.859ghz,772,
712,Jake0210,Intel Core I5 6600K,4.9ghz,772,
713,thekeemo,Intel Core I7 3820,4.5ghz,771,
714,Lord Nicoll,Intel Core I5 6400 ,4.59ghz,771,
715,GoogleGonnaSaveUs,Intel Xeon E3 1240 V5,3.5ghz,770,
716,Rng Coz,Intel Xeon X5670,3.852ghz,768,
717,KneesWeak,AMD FX8320,4.822ghz,766,
718,Sintezza,AMD FX8350,4.816ghz,766,
719,Bubblewhale,Intel Core I5 6500 ,4.605ghz,766,
720,KeltonDSMer,AMD FX8320,4.878ghz,765,
721,runit3,Intel Core I5 4690K,4.985ghz,765,
722,KnoT,AMD FX8350,4.9ghz,765,
723,ProKoN,Intel Core I5 4670K,4.918ghz,763,
724,Tech Wizard,Intel Core I7 4770,3.4ghz,760,
725,Jumper118,Intel Core i7 920,4.811ghz,759,
726,LoreBeast,Intel Core I7 3770,4.222ghz,758,
727,snorre1349,Intel Core I7 3770K,4.2ghz,758,
728,Jumper118,Intel Core I5 2500K,5.462ghz,758,
729,Jumper118,Intel Core I5 4690K,4.85ghz,757,
730,StormtrooperStu,AMD FX8350,4.817ghz,755,
731,TheGamingBarrel,Intel Core I5 4690K,4.869ghz,755,
732,mate_mate91,Intel Core I7 3770,4.3ghz,754,
733,zeros,Intel Core I7 4790,3.8ghz,754,
734,NeGaTo,Intel Core I7 4790,4ghz,754,
735,i_build_nanosuits,AMD FX8320,4.77ghz,753,
736,viakruzis,AMD FX9590,4.7ghz,753,
737,Dive5885,Intel Core I7 4770,3.4ghz,753,
738,chiwas,Intel Core I5 6500 ,4.5ghz,753,
739,Jumper118,AMD Phenom II X4 960T,5.047ghz,752,Single stage phase unlocked 6 cores
740,Ragin Asian,AMD FX8320,4.716ghz,751,
741,ProKoN,Intel Xeon E5640,4.733ghz,751,
742,slategate 1,Intel Core I7 4790,4ghz,749,
743,ProKoN,AMD FX8120,4.9ghz,745,
744,BbsMentos,Intel Core I5 6600K,4.7ghz,744,
745,arnavvr,Intel Core I7 7700HQ,2.8ghz,744,
746,ProKoN,Intel Xeon X5550,4.628ghz,743,
747,Jumper118,Intel Core I5 2550K,5.359ghz,742,
748,YouSirAreADudeSir,Intel Core I5 6600K,4.5ghz,741,
749,Mr.Cunt,Intel Core I5 6600 ,4.522ghz,739,
750,TigzyGee,Intel Core I7 3770,3.4ghz,739,
751,FellTheSky,Intel Core I5 6400 ,4.419ghz,738,
752,kittenmetal,AMD FX8320,4.816ghz,737,
753,ProKoN,Intel Core I5 4690K,4.804ghz,736,
754,Pvt. 8Ball,AMD FX8350,4.6ghz,736,
755,rainbrodash666,AMD FX9590,5.016ghz,736,
756,JDR,Intel Core I3 8350K,4.5ghz,736,
757,Krzyimprt,Intel Core I5 6600K,4.4ghz,735,
758,das affe,Intel Xeon E3 1231 V3,3.6ghz,733,
759,ProKoN,Intel Xeon W5630,4.629ghz,733,
760,AmbellinaThePrise,Intel Xeon E3 1231 V3,3.4ghz,733,
761,Outta Sippies,AMD FX9590,4.716ghz,732,
762,SteveGrabowski,Intel Xeon E3 1231 V3,3.6ghz,731,
763,GTBTK,Intel Core I7 2600,4.44ghz,731,
764,runit3,Intel Core I5 4670K,4.8ghz,730,
765,harrynowl,Intel Core I5 4690K,4.8ghz,730,
766,iSuzak,AMD FX8320,4.715ghz,730,
767,maxtch,Intel Xeon E3 1231 V3,3.446ghz,730,
768,comppro,Intel Core I7 4770,3.4ghz,730,
769,YoloSwag,Intel Core I5 6600K,4.5ghz,730,
770,Vrbas,AMD FX8320,4.615ghz,729,
771,Prysin,AMD FX8320,4.615ghz,729,
772,harrynowl,Intel Core I5 2500K,5.279ghz,729,
773,herman mcpootis,Intel Core I7 7700HQ,2.8ghz,728,
774,Darkman,AMD FX8120,4.817ghz,727,
775,Jakes9073,Intel Core I7 2600K,4.385ghz,727,
776,HazMatt,Intel Core I5 4690K,4.8ghz,726,
777,AxelPeeters,Intel Core I5 6600K,4.6ghz,725,
778,KingCry,Intel Core I7 4720HQ,2.6ghz,725,
779,Jumper118,Intel xeon E5620,4.565ghz,725,
780,NeGaTo,Intel Core I5 2500K,5.299ghz,725,
781,edschofield15,Intel Core I7 3770K,4.5ghz,724,
782,ProKoN,Intel Core I5 2500K,5.256ghz,724,
783,TheGingerKid,Intel Core I5 4690K,4.713ghz,721,
784,Techfan@ic,AMD FX8320,4.5ghz,721,
785,ki8aras,Intel Core I5 6600K,4.389ghz,721,
786,Darkman,Intel Xeon E3-1230 V3,3.6ghz,720,
787,indika.lk,Intel Core I5 6600K,4.375ghz,720,
788,dr lyo,AMD FX8320,4.675ghz,720,
789,sfxster,Intel Core I5 6600K,4.3ghz,719,
790,Spongy141,Intel Core I5 4690K,4.7ghz,719,
791,Priller,AMD FX8150 (MK II),4.9ghz,718,
792,ProKoN,Intel Xeon W3520,4.543ghz,718,
793,rtpb5642,Intel Core I5 4670K,4.7ghz,717,
794,runit3,Intel Core I5 2550K,5.3ghz,716,
795,ErickS89,Intel Core I7 3820,4.4ghz,715,
796,ProKoN,AMD Phemon II X6 1055T,4.617ghz,713,dice dice baby https://www.youtube.com/watch?v=rog8ou-ZepE
797,Namurian,Intel Core I5 6600K,4.5ghz,712,
798,BULLETBEEF JA,Intel Core I7 2600,4.074ghz,711,
799,herman mcpootis,Intel Core I7 4870HQ,2.5ghz,711,
800,Priller,AMD FX8150,4.8ghz,710,
801,ProKoN,Intel Core I5 2500K,5.146ghz,709,
802,ungreedy,Intel Core I5 3570K,5.1ghz,709,
803,Ramrod126,Intel Core I5 6600K,4.6ghz,709,
804,wolfgang,AMD FX8350,4.515ghz,708,
805,Bananasplit_00,Intel Core I5 4690K,4.7ghz,708,
806,iyzyz,Intel Core I5 4690K,4.8ghz,707,
807,Jumper118,Intel Core I5 5675C,4.324ghz,707,
808,SpyRosL,Intel Core I5 3570K,5.010ghz,706,
809,M300843499,Intel Xeon E5640,4.51ghz,705,
810,Modzy,Intel Core I5 2500K,5.252ghz,704,Maximus V Gene 1.52V
811,Umeshwarnath,AMD FX8320,4.5ghz,703,
812,Priller,Intel Core I5 4690K,4.6ghz,703,
813,ProKoN,Intel Core I5 3570K,4.936ghz,703,
814,Faceman,Intel Core I5 4670K,4.7ghz,702,
815,harrynowl,Intel Core I5 4690K ,4.7ghz,701,
816,Leo ft. Jumper118,Intel Core I5 3570K,5.030ghz,701,MSI Z77 Mpower 1.52V
817,LSky,Intel Core I5 4690K,4.6ghz,701,
818,Gofspar,Intel Core i7 6700HQ,2.6ghz,699,
819,Intelfreak,Intel Core I5 8250U,1.8ghz,699,
820,Pinkamena,Intel Core I7 3770K,3.9ghz,698,
821,TheElt,Intel Core I5 4690K,4.6ghz,698,
822,legacy99,Intel Core I5 4690K,4.6ghz,697,
823,LOOK OVER HERE,Intel Core I7 4800HQ,2.7ghz,697,
824,Christoph Hiesleitner,Intel Core I7 4910MQ,2.9ghz,695,
825,mrasmith1998,Intel Core I7 4770K,3.7ghz,693,
826,Ragin Asian,Intel Core I5 4690K,4.6ghz,692,
827,ProKoN,Intel Core i7 920,4.334ghz,692,
828,thinkoffcenter,Xeon E5 2620 V3,2.4ghz,692,
829,Shakaza,Intel Core I5 4670K,4.6ghz,690,
830,tbob22,Intel Xeon W53530,4.508ghz,690,
831,Pauls Hardware,Intel Core I5 6500 ,4.22ghz,689,
832,BeastlyCarrot,Intel Core I7 3770K,4.6ghz,688,
833,TehMasterSword,Intel Core I5 4690K,4.6ghz,687,
834,Jumper118,Intel Xeon X5550,4.255ghz,687,
835,DildorTheDecent,Intel Core I5 3570K,4.9ghz,685,
836,App4that,Intel Core I5 4690K,4.6ghz,684,
837,YouRezz,Intel Core I7 3770K,3.5ghz,683,
838,OCing Noob,Intel Core I5 4690K,4.509ghz,682,
839,Koori,Intel Core I5 4670K,4.6ghz,682,
841,arnavvr,Intel Core I7 980X,3.325ghz,682,
842,Pasi123,Intel Core I7 4770,3.4ghz,682,
843,Micky Love,Intel Core I5 4690K,4.5ghz,681,
844,Jumper118,Intel Core i7 950,4.278ghz,681,
845,ProKoN,Intel Core i7 6700HQ,2.6ghz,681,
846,Evolution90,Intel Xeon E5640,4.1ghz,681,
847,Herman Mcpootis,Intel Xeon E3 1230 V3,3.3ghz,681,
848,Jumper118,2x Intel Xeon X5460,3.167ghz,679,
849,PokeCatz,Intel Core I7 3770,3.91ghz,679,
850,Ultraviolet,Intel Core I7 3770,3.4ghz,679,
851,SpyRosL,Intel Core I5 3570K,5ghz,678,
852,bamerx98,Intel Core I7 2600,3.9ghz,678,
853,Brandon Cassie,Intel Core I7 2600,4.2ghz,677,
854,Bubblewhale,AMD FX8320,4.314ghz,677,
855,Demonking,Intel Core I5 4670K,4.6ghz,675,
856,Darkman,Intel Core I7 4720HQ,2.6ghz,675,
857,,Intel Xeon E5620,4.3ghz,675,
858,Jumper118,Intel Core I7 3770T,3.611ghz,675,
859,spuntheone,Intel Core I5 4690K,4.3ghz,675,
860,Pasi123,Intel Core I7 3770,3.4ghz,674,
861,shakenbreak,Intel Core I5 2500K,5ghz,673,
862,Normand_Nadon,AMD FX8370,4.3ghz,672,
863,sgtheadhole,AMD FX8120,5ghz,670,
864,tbob22,Intel Xeon W3530,4.3ghz,670,
865,HazMatt,Intel Core I5 2500K,5ghz,669,
866,Geralt,Intel Core I5 4690K,4.5ghz,668,
867,SteelMK,Intel Core I5 4690K,4.5ghz,668,
868,ianspy1,AMD FX8320E,4.4ghz,667,
869,iHardware Shelden,Intel Core I7 3770 ,3.4ghz,667,
870,FilipSebik,Intel Core I5 4690K,4.5ghz,666,
871,FirstimeFailboy,Intel Core I5 4690K,4.5ghz,664,
872,EpikFlyingBrick,AMD FX8320,4.2ghz,663,
873,ProKoN,Intel Xeon E5520,4.128ghz,663,
874,valdyrgramr,AMD FX9370,4.821ghz,662,
875,Colours,AMD FX8320,4.32ghz,660,
876,SparkyRain,Intel Core I5 4690K,4.6ghz,660,
877,Socratic,Intel Core I5 4670K,4.6ghz,656,
878,Jumper118,Intel Core I7 875K,4.228ghz,653,
879,Leo,Intel Core I5 3570K,4.7ghz,652,Gigabye Z77 D3H 1.38V
880,Harry99710,Intel Core I7 3770 ,3.4ghz,649,
881,tedjani,AMD Phenom II X6 1090T,4.2ghz,647,
882,shwarz,Intel Core I5 4670K,4.3ghz,645,
883,Wyes,Intel Core I5 4690K,4.5ghz,645,
884,purple_rider,Intel Core I5 8250U,1.8ghz,644,
885,Daring,Intel Core I5 4690K,4.5ghz,641,
886,Briggsy,Intel Core I5 3570K,4.5ghz,640,
887,Keudn,Intel Core I5 2500K,4.9ghz,639,
888,Nougatcookie,Intel Core I5 4690K,4.5ghz,638,
889,Kamina,AMD FX8350,4ghz,638,
890,Frankiezjr,Intel Core I7 4700QM,2.4ghz,636,
891,iHardware Shelden,Intel Xeon E3 1240,3.51ghz,636,
892,Nalm,Intel Core I5 4690K,4.307ghz,635,
893,Gazereths,Intel Xeon E5640,4.2ghz,635,
894,samuel,AMD FX8320,4ghz,634,
895,Leonard,Intel Core I5 3570K,4.7ghz,633,
896,KingCry,Intel Core I7 4700HQ,2.4ghz,633,
897,Slick ,AMD FX8350,4ghz,632,https://www.youtube.com/watch?v=EIJnmwrTHAU
898,Growlith1223,Intel Core I5 4690K,4.6ghz,631,
899,Cheddle,2x Intel Xeon E5430 ,3.192ghz,630,***250th submission***
900,Jumper118,AMD Phemon II X6 1055T,4.073ghz,629,
901,KingCry,Intel Core I5 4670K,4.3ghz,629,
902,bAdWindy,Intel Core I5 2500K,4.847ghz,628,
903,hemanhunter,AMD FX8350,4ghz,627,
904,fx63007850,AMD FX6300,5.17ghz,626,
905,MadManMarsBar,AMD FX8350,4ghz,625,
906,PokeCatz,Intel Core I7 4700MQ,2.4ghz,624,
907,glenalz81,Xeon X3440,3.96ghz,623,
908,beebskadoo,Intel Core I7 2600K,3.4ghz,621,
909,arnavvr,Intel Core i7 930,4.059ghz,621,
910,agent_x007,AMD Phenom II X6 1100T,4.216ghz,621,
911,Ookami,Intel Core I7 2600K,3.4ghz,619,
912,Priller,AMD FX6350,5.2ghz,618,
913,ProKoN,Intel Core I5 4570,3.897ghz,617,
914,Austin Evans,Intel Core I7 2600,3.4ghz,615,https://www.youtube.com/watch?v=ioyqHUtnZoY
915,MblaZe7run,AMD FX8350,4ghz,614,
916,Jumper118,Intel Core I3 7350K,5.593ghz,613,
917,Jumper118,Intel Core 2 Quad QX9650,5.58ghz,612,LN2
918,Jumper118,Intel Xeon E5520,3.798ghz,610,
919,Techfan@ic,Intel Core I7 2600,3.5ghz,608,
920,GangreenEVO,Intel Core I5 3570K,4.4ghz,607,
921,gundershot,Intel Core I5 4670K,4.2ghz,606,
922,Mooshi,Intel Core I5 2500K,4.6ghz,606,
923,rukspuks,Intel Core I5 7500,3.4ghz,605,
924,Gunjob,Intel Core I5 3570K,4.725ghz,603,
925,Sharkyx1,Intel Core I5 3570K,4.4ghz,602,
926,Almondcake,Intel Core i7 950,4.078ghz,602,
927,Oberon.Smite,Intel Core I5 6600K,3.5ghz,599,
928,BSpendlove,Xeon E5 2620,2ghz,598,
929,Herbinatah,AND FX8150,4.013ghz,595,
930,Levent,Intel Core I5 3570K,4.4ghz,595,
931,DunePilot,Intel Core i7 960,4.009ghz,593,
932,MPX309,Intel Core I5 3570K,4.3ghz,592,
933,Jumper118,Intel Core I3 6320,5.306ghz,592,
934,agent_x007,Intel Core i7 965,3.737ghz,592,
935,silentprototipe,AMD Ryzen 5 2500U,2.7ghz,591,
936,ProKoN,Intel Core I3 6320,5.208ghz,590,
937,incomingnoob24,Intel Core I5 4590,3.482ghz,589,
938,Aruxx,Intel Core I5 2500K,4.4ghz,588,
939,TigzyGee,2x Intel Xeon E5450,3ghz,588,
940,VSG,Intel Core I7 3630QM,3.324ghz,586,
941,Wyre,Intel Core I5 3570K,4.3ghz,586,
942,calebr28,AMD Phenom II X6 1090T,3.96ghz,586,
943,stevv,Intel Xeon E3 1230 V2,3.5ghz,585,
944,WPanayides,Intel Core i7 920,4.002ghz,584,
945,ProKoN,Intel Core I5 4460,3.672ghz,583,
946,ElfenSky,Intel Core I7 4710HQ,2.5ghz,583,
947,Godlygamer23,Intel Core I5 3570K,4.2ghz,580,
948,magic,AND FX8120,4.13ghz,580,
949,scottyseng,Intel Core I5 2500K,4.6ghz,579,
950,SageOfSpice,AMD FX6300,4.75ghz,578,
951,Tech Wizard,Intel Core I5 8250U,1.8ghz,578,
952,Brekmister,AMD FX6350,4.883ghz,577,
953,Rembo,AMD FX6300,5ghz,576,
954,JamieSinn,Intel Core I5 3570K,4.3ghz,574,
955,juretrn,Intel Core I7 920,3.8ghz,572,
956,Kuzma,Intel Xeon E5520,3.8ghz,571,
957,298614_1454182599,AMD FX6300,4.82ghz,568,
958,Toddwjp,Intel Core I5 3570,4.12ghz,567,
959,maazster,Intel Core I5 2500K,4.2ghz,567,
960,canadianultra,Intel Core I5 4670K,3.8ghz,566,
961,lol1290,Intel Core I5 4690K,3.5ghz,564,
962,FrodeL70,Intel Core I7 940,3.619ghz,564,
963,thinkoffcenter,2x Intel Xeon X5365,3ghz,563,
964,Jumper118,Intel Core I3 6100,5.107ghz,560,
965,iHardware Shelden,Intel Core I7 3610QM,2.3ghz,558,
966,Kizune,Intel Core I7 4700EQ,2.4ghz,555,
967,kuzko,Intel Core I7 3610QM,2.3ghz,552,
968,done12many2,Intel Core I7 2760QM,2.4ghz,552,
969,DeanS,Intel Core I7 920,3.849ghz,551,
970,iHardware Shelden,Intel Core I5 7400,3ghz,551,
971,Btappin,Intel Core I5 4670K,3.4ghz,549,
972,ProKoN,Intel Core 2 Quad QX9650,4.563ghz,549,
973,ProKoN,Intel Core I5 2400,3.883ghz ,544,
974,Appelzaadje,AMD Phenom II X6 1100T,3.74ghz,543,
975,purple_rider,Intel Core I5 6500 ,3.2ghz,543,
976,flibberdipper,Intel Core I5 3570K,3.743ghz,543,
977,FireFox,Intel Core I5 2500K,4ghz,539,
978,rtsurfer,Intel Core I3 6320,4.999ghz,538,
979,zygioks,AMD FX6350,4.52ghz,538,
980,edschofield,Intel Core I5 2500K,4.0ghz,537,
981,Ratchetman42,Intel Core I7 3630QM,2.4ghz,537,
982,Slick,2x Intel Xeon L5420,2.5ghz,535,https://www.youtube.com/watch?v=EIJnmwrTHAU
983,ProKoN,Intel Core I3 6100,4.769ghz,535,
984,Priller,AMD FX6200,4.8ghz,534,
985,ProKoN,Intel Core I5 3330,3.89ghz,534,
986,ryzenuser,AMD Ryzen 2200G,3.5ghz,534,
987,Gofspar,2x Intel Xeon E5410,2.34ghz,533,
988,Tech Wizard,Intel Core I5 7300HQ,2.5ghz,532,
989,justicerevenge,Intel Core I5 4690K,3.5ghz,531,
990,iHardware Shelden,AMD FX6300,4.515ghz,530,
991,Prokart2000,AMD FX8320,3.5ghz,527,
992,rukspuks,Intel Core I7 3632QM,2.9ghz,527,
993,Jumper118,Intel Xeon X5460,4.75ghz,524,Single Stage Phase
994,thinkoffcenter,2x Intel Xeon E5420,2.5ghz,524,
995,yoc1983,Intel Core I5 4670K,3.4ghz,524,
996,PuNkPoEtS,AMD FX6300,4.5ghz,523,
997,Pasi123,Intel Xeon X5677,3.47ghz,522,
998,deansmylie1993,Intel Core I5 4670,3.4ghz,521,
999,Dabobminable,Intel Core I5 4440,3.254ghz,521,
1000,DeanS,Intel Core I5 2500,3.3ghz,520,
1001,N33L03,Intel Core I5 6400 ,3.3ghz,520,
1002,overthebars39,AMD Ryzen 5 2500U,2ghz,520,
1003,Fate,Intel Core I5 3570K,3.51ghz,518,
1004,iSky,Intel Core I5 6400 ,2.7ghz,517,
1005,srmarkovic,Intel Core I7 4700HQ,2.4ghz,517,
1006,dylandylandylan,Intel Core I5 3570K,4.2ghz,515,
1007,NumLock21,Intel Core I5 8250U,3ghz,512,
1008,Ground,Intel Xeon X5606,4.27ghz,511,
1009,Jumper118,Xeon X3430,4.236ghz,508,
1010,TylerS1066,AMD FX8320E,3.2ghz,506,
1011,Carpenter92,Intel Core I5 750,4.4ghz,505,
1012,Jumper118,Intel Core I5 750,4.2ghz,505,
1013,Bad2049,AMD Phemon II X6 1050T,3.5ghz,505,
1014,Raboo,Intel Core I5 3570K,3.4ghz,504,
1015,deXxterlab97,Intel Core I5 4460,3.2ghz,504,
1016,GoogleGonnaSaveUs,Intel Core I5 7300HQ,2.5ghz,504,
1017,Lays,Intel Core I3 6320,4.503ghz,503,
1018,thinkoffcenter,2x Intel Xeon X5355,2.66ghz,502,
1019,sterreprop,Intel Core I5 3570K,3.4ghz,502,
1020,Jumper118,Intel Core 2 Quad Q9650,4.474ghz,501,
1021,Haduvokone,Intel Core I5 3570,3.4ghz,499,
1022,alanp1995,Intel Core I5 4460,3.2ghz,499,
1023,iHardware Shelden,Intel Core I5 3570K,3.4ghz,499,
1024,iHardware Shelden,2x Intel Xeon E5140,2.33ghz,497,
1025,MrChemistryCow9,Intel Core I5 6400 ,3.3ghz,497,
1026,Alienwaredude,Intel Core I7 3610QM,3.2ghz,495,
1027,Jumper118,AMD FX6200,4.7ghz,494,
1028,Pasi123,Intel Core I5 6500 ,3.2ghz,494,
1029,Fate,AMD Phenom II X4 960T,3.5ghz,491,unlocked to 6 cores
1030,ProKoN,Intel Core I7 2670QM,2.7ghz,490,
1031,Chevy_Monsenhor,INtel Xeon E3 1220 V3 ,3.1ghz,490,
1032,agent_x007,Intel Xeon X3370,4.419ghz,490,
1033,harrynowl,Intel Xeon X5450,4.41ghz,489,
1034,Pasi123,Intel Core I5 4570S,2.9ghz,488,
1035,iHardware Shelden,Intel Core I7 4700HQ,2.4ghz,487,
1036,HectiKCookiE,Intel Core I5 4570,3.2ghz,484,
1037,computerdaddy,Intel Core I5 750,4.213ghz,484,
1038,ProKoN,Intel Core 2 Quad Q9550,4.273ghz,483,
1039,KeltonDSMer,Intel Core I3 6100,4.514ghz,481,
1040,Pasi123,Intel Xeon W3550,3.07ghz,476,
1041,JackOfAllTrades,Intel Core I7 3630QM,3.4ghz,472,
1042,WhatsGoingOn,Intel Core I5 6500HQ,3ghz,472,
1043,iHardware Shelden,Intel Core I5 3450,3.1ghz,471,
1044,Jumper118,Intel Core 2 Quad Q6600,4.675ghz,467,
1045,Bubblewhale,Intel Core 2 Quad Q9650,4.194ghz,465,
1046,Savanake,Intel Xeon X5470,4.3ghz,464,
1047,ProKoN,AMD FX4300,5.694ghz,463,
1048,Jumper118,Intel Xeon X5450,4.145ghz,462,
1049,Darkblade2117,Intel Core I3 6100T,4.292ghz,462,
1050,ProKoN,Intel Core 2 Quad Q6600,4.553ghz,461,dice dice baby https://www.youtube.com/watch?v=rog8ou-ZepE
1051,NohbdyKnows,AMD FX6350,3.9ghz,461,
1052,Jumper118,Intel Core 2 Quad Q6700,4.566ghz,460,
1053,ThomasD,Intel Core I5 860,2.926ghz,458,
1054,agent_x007,Intel Core 2 Quad QX9770,4.181ghz,458,
1055,Dabobminable,Intel Xeon X5450,4.239ghz,457,
1056,beebskadoo,Intel Core I7 3630QM,2.4ghz,456,
1057,bocain941,Intel Core I5 4460,3.2ghz,454,
1058,KingCry,AMD FX4200,5.076ghz,450,
1059,iHardware Shelden,Intel Core 2 Quad Q9650,4.124ghz,450,
1060,LarsReviews,Intel Core I5 4430,3ghz,448,
1061,ProKoN,Intel Core 2 Quad Q9400,4.111ghz,446,
1062,Jumper118,AMD Phenom II X4 965,4.298ghz,445,
1063,Ronnie76,Intel Core I3 6100,4.71ghz,445,
1064,Lord Nicoll,Intel Core I5 3470S,2.9ghz,444,
1065,ProKoN,AMD Phenom II X2 560 BE,4.388ghz,442,
1066,Jumper118,2x Intel Xeon E5405,2ghz,442,
1067,Pasi123,Intel Core I7 4702HQ,2.2ghz,442,
1068,Jumper118,Intel Core I7 2630QM,2.6ghz,441,
1069,Jumper118,AMD FX4130,5.77ghz,439,
1070,harrynowl,Intel Core 2 Quad Q6600,4.194ghz,436,
1071,Jumper118,AMD FX4170,5.759ghz,435,
1072,Jumper118,AMD FX4100,5.703ghz,435,
1073,Jumper118,Intel Core 2 Quad QX6700,4.324ghz,433,
1074,Pasi123,Intel Core I5 2400,3.1ghz,433,
1075,BSpendlove,Xeon E5 2609 V3,1.9ghz,432,
1076,harrynowl,AMD Phenom II X4 960T,4.387ghz,430,
1077,Cheddle,Intel Core I5 750,3.784ghz,429,
1078,Pasi123,2x Intel Xeon E5405,2ghz,428,
1079,dexT,Intel Pentium G3258,5.501ghz,428,
1080,Pasi123,Intel Core 2 Quad Q9550,3.808ghz,428,
1081,ProKoN,Intel Core 2 Quad Q8400,4.085ghz,427,
1082,purple_rider,Intel Core I7 870,3.589ghz,427,
1083,harrynowl,AMD A8 5600K,5.389ghz,425,
1084,LokiFire,AMD Phenom II X4 B55,4.153ghz,424,
1085,ProKoN,Intel Pentium G3258,5.453ghz,423,dice dice baby https://www.youtube.com/watch?v=rog8ou-ZepE
1086,kipper,AMD Phenom II X4 B55,4.3ghz,422,
1087,agent_x007,Intel Xeon E5440,3.833ghz,422,
1088,Stijnx6,Intel Core I5 2320,3ghz,422,
1089,Jumper118,Intel Pentium G3258,5.493ghz,422,Single Stage Phase
1090,Jumper118,Intel Pentium G4400,5.008ghz,420,
1091,shakenbreak,Intel Core 2 Quad Q9550,3.706ghz,417,
1092,ProKoN,Intel Xeon E5430 ,3.812ghz,416,
1093,dexT,2x AMD Opteron 2354,2.2ghz,414,
1094,Ground,Intel Core I3 540,5.46ghz,414,
1095,LukaP,Intel Core I5 750,4.069ghz,413,
1096,dsv1999,Intel Core I5 2320M,3ghz,413,
1097,dsv1999,Intel Core I5 2320,3ghz,412,
1098,NumLock21,Intel Xeon X3350,3.8ghz,411,
1099,ToastyBricks,AMD FX6300,3.5ghz,409,
1100,ProKoN,AMD Phenom II X4 955,3.893ghz,407,
1101,ProKoN,Intel Core I3 4160,3.914ghz,406,dice dice baby https://www.youtube.com/watch?v=rog8ou-ZepE
1102,ProKoN,Intel Core 2 Quad Q6700,4.002ghz,406,
1103,rtsurfer,Intel Pentium G3258,5.266ghz,405,dice dice baby https://www.youtube.com/watch?v=rog8ou-ZepE
1104,appeltje18,Intel Core I5 3450,3.1ghz,405,
1105,Dabobminable,Intel Xeon E5450,3.78ghz,403,
1106,ProKoN,Intel Core I5 650,5.4ghz,402,dice dice baby https://www.youtube.com/watch?v=rog8ou-ZepE
1107,agent_x007,Intel Core 2 Quad QX6850,3.944ghz,400,
1108,MysteriousKiwi,Intel Core I5 3570K,3.44ghz,399,
1109,D3MON,AMD Phenom II X4 960T,4.1ghz,398,
1110,the_boss_NL,AMD FX4350,5.015ghz,393,
1111,HuckinB,AMD FX6300,3.817ghz,393,
1112,Ground,Intel Core I3 530,5.207ghz,393,
1113,ProKoN,Intel Core I5 660,5.279ghz,391,dice dice baby https://www.youtube.com/watch?v=rog8ou-ZepE
1114,shakenbeak,Intel Core 2 Quad Q9550,3.527ghz,391,
1115,TigzyGee,Intel Core I7 860,2.793ghz,387,
1116,beebskadoo,AMD Phenom II X4 960T,3ghz,386,unlocked to 6 cores
1117,bear-in-the-air,AMD FX4170,5.1ghz,385,
1118,arnavvr,Intel Core 2 Quad Q9300,3.75ghz,384,
1119,TigzyGee,Intel Core I5 3570,3.4ghz,383,
1120,Freddie98,Intel Core I3 6100,3.7ghz,382,
1121,ColonelThunder,AMD Phenom II X2 555,3.74ghz,381,unlocked to 4 cores
1122,kinski,Intel Pentium G4560,3.5ghz,381,
1123,runit3,Intel Pentium G3258,5.025ghz,380,
1124,Jumper118,AMD FX4100,4.94ghz,380,
1125,harrynowl,AMD Athlon II X4 760K,4.79ghz,380,
1126,ProKoN,Intel Core 2 Quad Q8200,3.658ghz,379,
1127,harrynowl,AMD A8 5600K MKII,4.89ghz,377,
1128,ProKoN,Intel Core I3 530,5.016ghz,377,
1129,iHardware Shelden,Intel Core I7 920,2.793ghz,375,
1130,The_Strict_Nein,Intel Core 2 Quad Q6700,4ghz,372,
1131,TheGamingBarrel,Intel Pentium G3258,4.8ghz,371,
1132,Vadim40328,Intel Core I5 4430,3ghz,371,
1133,BloOdlyne,AMD Phenom II X4 955,3.73ghz,369,
1134,WhiteH4cker,AMD FX6100,3.612ghz,368,
1135,BSpendlove,Xeon E5 2603 V3,1.6ghz,367,
1136,D3MON,AMD Phenom II X4 B55,3.6ghz,366,
1137,lightningterror,Intel Core I3 4160,3.6ghz,365,
1138,Bubblewhale,Intel Core 2 Quad Q6600,3.6ghz,365,
1139,agent_x007,Intel Core 2 Quad QX6700,3.618ghz,364,
1140,iHardware Shelden,Intel Core I3 4170,3.7ghz,363,
1141,KingCry,Intel Pentium G3258,4.808ghz,362,
1142,iHardware Shelden,AMD Phenom II X2 550,3.611ghz,361,unlocked to 4 cores
1143,Fate,AMD Phenom II X4 960T,3.9ghz,360,
1144,iHardware Shelden,Intel Core 2 Quad Q9400,3.7ghz,360,
1145,ProKoN,Intel Core I3 530,4.752ghz,358,
1146,Dabobminable,Intel Core 2 Extreme QX6850,3.69ghz,355,
1147,jimmy1663,Intel Core 2 Quad Q9400,3.4ghz,355,
1148,Kumza,Intel Xeon E5520,2.4ghz,354,
1149,Jumper118,Intel Pentium G3258 (MK II),4.7ghz,354,
1150,harrynowl,AMD Athlon II X4 B25,3.51ghz,354,unlocked to 4 cores
1151,Jumper118,AMD FX4130,4.617ghz,353,
1152,zikky,Intel Core 2 Quad Q9400,3.76ghz,352,
1153,Jumper118,Intel Core I5 655K,4.755ghz,351,
1154,Lays,Intel Pentium G3258,4.724ghz,349,
1155,harrynowl,Intel Pentium G3258,4.7ghz,349,
1156,Jumper118,Intel Xeon X5460,3.16ghz,348,
1157,TheElt,Intel Core I7 5557U,3.1ghz,348,
1158,iHardware Shelden,Intel Core 2 Quad Q8200,3.458ghz,345,
1159,tmcclelland455,Intel Pentium G3258,4.7ghz,344,
1160,Zerotolerance94,Intel Pentium G3258,4.7ghz,342,
1161,iHardware Shelden,Intel Core 2 Quad Q6700,3.429ghz,341,
1162,Jumper118,AMD Athlon II X4 740,4.318ghz,340,
1163,iHardware Shelden,AMD Phenom II X4 840,3.808ghz,340,
1164,TheJammieDodger,Intel Pentium G3258,4.6ghz,338,
1165,bubdubs,AMD Athlon II X4 750K,4.4ghz,338,
1166,bleechSNAK3,Intel Pentium G4560,3.5ghz,338,
1167,ProKoN,Intel Core I3 3220,3.621ghz,337,
1168,iHardware Shelden,Intel Xeon X3220,3.402ghz,336,
1169,Slick,Intel Pentium G3258,4.7ghz,335,
1170,FuzzyYellow,Intel Pentium G3258,4.6ghz,331,
1171,iHardware Shelden,Intel Core 2 Quad Q6600,3.33ghz,331,
1172,Jumper118,Intel Core I3 540,4.462ghz,330,
1173,Jumper118,Intel Core I5 650,4.55ghz,329,
1174,Bubblewhale,AMD A8 5600K,4.3ghz,329,
1175,Overl0rd,Intel Core I5 7200U,2.7ghz,329,
1176,dtronicsuk,AMD Athlon II X4 640 ,3.6ghz,328,
1177,Slugdude,Intel Pentium G3258,4.5ghz,328,
1178,LinusTech,Intel Core I7 6600U,2.6ghz,327,https://www.youtube.com/watch?v=ksnIE608xrU
1179,G33k 4 L1F3,Intel Pentium G3258,4.5ghz,324,
1180,ProKoN,Intel Core I3 2120,3.595ghz,323,
1181,Zhiv,Intel Pentium G4560,3.5ghz,323,
1182,KeltonDSMer,Intel Pentium G3258,4.56ghz,322,
1183,Jumper118,Intel Core 2 Duo E8500 ,5.781ghz,322,
1184,ProKoN,AMD Athlon 7850 BE,3.226ghz,320,
1185,Darpyface,Intel Core I5 6500U,2.344ghz,320,
1186,Overl0rd,Intel Core I5 5257U,3.1ghz,319,
1187,Jumper118,Intel Core 2 Duo E8600 ,5.743ghz,319,
1188,NeatSquidYT,Intel Pentium G3258,4.6ghz,318,
1189,Zachary Cartwright,AMD FX4300,4.5ghz,318,
1190,Waqas409,Intel Core 2 Quad Q9400,3.4ghz,317,
1191,Umeshwarnath,Intel Core 2 Quad Q8400,3.16ghz,316,
1192,LinusTech,Intel Core 2 Quad Q6600,3.2ghz,316,https://www.youtube.com/watch?v=ioyqHUtnZoY
1193,Jumper118,Intel Core I3 2120,3.522ghz,316,
1194,Stupidtiggers,Intel Pentium G3258,4.4ghz,312,
1195,Hacker90,AMD FX4100,4.515ghz,312,
1196,harrynowl,Intel Core 2 Duo E8400,5.338ghz,311,
1197,Darkman,AMD Athlon II X4 630,3.5ghz,310,
1198,dexT,Intel Core 2 Duo E8600 ,5.462ghz,308,
1199,79 Potatoes,Intel Xeon E5430 ,2.8ghz,307,
1200,ProKoN,Intel Core 2 Duo E8500 ,5.433ghz,306,dice dice baby https://www.youtube.com/watch?v=rog8ou-ZepE
1201,FireFox,Intel Core I3 2120,3.54ghz,305,
1202,NeGaTo,Intel Core I3 3240,3.4ghz,305,
1203,Priller,AMD Phemon II X2 B55,4.020ghz,303,unlocked to 3 cores
1204,Overl0rd,Intel Core I7 3520M ,2.891ghz,303,
1205,ProKoN,Intel Core I3 2100,3.377ghz,303,
1206,agent_x007,AMD Phenom X4 9950 BE,3.159ghz,303,
1207,tmcclelland455,Intel Core 2 Quad Q6600,3ghz,302,
1208,DeanS,Intel Core I3 3220,3.3ghz,303,
1209,Musle,Intel Core I3 4130,3.4ghz,302,
1210,arnavvr,AMD A10 7700K,3.7ghz,297,
1211,Zm0gas,AMD A6 3400M,3ghz,296,
1212,toms94z71,Intel Core I7 Q740,1.73ghz,295,
1213,alanp1995,Intel Pentium G3258,4ghz,295,
1214,TX-OC,Intel Core 2 Duo E8400,5.204ghz,294,
1215,Jumper118,Intel Core 2 Duo E8400 MKII,5.204ghz,292,Single Stage Phase
1216,TheElt,Intel Core I3 4150,3.5ghz,291,
1217,Overl0rd,Intel Core I7 5500U,2.4ghz,290,
1218,ediz551,AMD A8 5600K,3.9ghz,285,
1219,deansmylie1993,Intel Core I3 3220 ,3.3ghz,285,
1220,dragoon2005,Intel Core 2 Quad QX6800,2.94ghz,284,
1221,Pasi123,Intel Core 2 Quad Q6600,3ghz,283,
1222,KeltonDSMer,Intel Core 2 Quad Q6600,2.89ghz,282,
1223,Overl0rd,Intel Core I5 5300U,2.7ghz,282,
1224,ProKoN,Intel Core 2 Duo E8400 MKII,4.968ghz,281,dice dice baby https://www.youtube.com/watch?v=rog8ou-ZepE
1225,AdamKovacs,AMD A8 3850,2.9ghz,281,
1226,thewhitestig,Intel Core 2 Quad Q8200,2.8ghz,280,
1227,ProKoN,Intel Xeon E5260,5.083ghz,282,
1228,The_Strict_Nein,Intel Core I5 3360M,2.8ghz,277,
1229,iHardware Shelden,AMD FX8800P,2.1ghz,277,
1230,windude99,AMD Athlon II X4 645,3.1ghz,275,
1231,dtronicsuk,AMD Athlon II X4 640 ,3ghz,273,
1232,k1ske,Intel Pentium G3258,4.2ghz,272,
1233,Gofspar,Intel Xeon E5410,2.34ghz,272,
1234,iHardware Shelden,Intel Core I5 650,3.75ghz,271,
1235,LeinadTM,Intel Core I7 4510U,2.6ghz,271,
1236,DildorTheDecent,Intel Core 2 Quad Q6600,2.4ghz,269,
1237,dsv1999,Intel Core I5 3320M,2.6ghz,268,
1238,Slick,Intel Core 2 Quad Q6600,2.7ghz,267,https://www.youtube.com/watch?v=ioyqHUtnZoY
1239,ProKoN,Intel Pentium E5400,5.219ghz,266,dice dice baby https://www.youtube.com/watch?v=rog8ou-ZepE
1240,Gofspar,Intel Core 2 Duo E8500 ,5.14ghz,266,
1241,Jumper118,Intel Core 2 Duo E7600,5.002ghz,265,Single Stage Phase
1242,beach_boy98,Intel Core I3 2120,3.292ghz ,264,
1243,GoogleGonnaSaveUs,Intel Core I5 3230M,2.6ghz,263,
1244,herman mcpootis,Intel Xeon X5355,2.667ghz,263,
1245,Jumper118,AMD Athlon II X4 635,2.9ghz,262,
1246,Jumper118,Intel Pentium E6000,5.243ghz,262,Single Stage Phase
1247,ProKoN,Intel Core I5 2520M,2.991ghz,261,
1248,rfjunkie,AMD Phemon II X4 840,3.2ghz,261,
1249,ProKoN,Intel Core 2 Duo E8400,4.682ghz,260,
1250,agent_x007,Intel Core 2 Duo E8400,4.752ghz,260,
1251,Jumper118,Intel Pentium E5200,5.19ghz,259,
1252,Daring,Intel Core I5 2540M,2.6ghz,259,
1253,GoogleGonnaSaveUs,Intel Core I5 3210M,2.5ghz,259,
1254,TassieTim,Intel Core I5 750,2.666ghz,257,
1255,ProKoN,Intel Xeon W3503,4.238ghz,257,
1256,iHardware Shelden,Intel Core I5 5200U,2.2ghz,257,
1257,Overl0rd,Intel Core I5 2520M,2.991ghz,256,
1258,ProKoN,Intel Core 2 Duo E7600,4.760ghz,256,
1259,Jumper118,Intel Core 2 Duo E7400,4.86ghz,256,
1260,FireFox,Intel Core I5 2520M,2.5ghz,255,
1261,ProKoN,Intel Core 2 Duo E6850,4.94ghz,254,dice dice baby https://www.youtube.com/watch?v=rog8ou-ZepE
1262,Jumper118,Intel Core I5 2520M,2.5ghz,254,
1263,ProKoN,Intel Core I5 2450M,2.9ghz,254,
1264,Jumper118,Intel Pentium E6600,4.976ghz,254,
1265,Dabobminable,Intel Core I3 7100U,2.4ghz,253,
1266,ToXiCx313,Intel Core 2 Quad Q8400,2.51ghz,251,
1267,Jumper118,Intel Pentium E5300,5.004ghz,251,Single Stage Phase
1268,Pasi123,Intel Core I5 3210M,2.5ghz,251,
1269,GoogleGonnaSaveUs,Intel Core 2 Quad Q9550,3.027ghz,251,
1270,DarkBlade2117,AMD A6 3650,4ghz,250,
1271,Jumper118,Intel Pentium E5700,4.944ghz,250,Single Stage Phase
1272,Dabombinable,Intel Core I5 2540M,2.6ghz,250,
1273,Harry99710,Intel Core 2 Quad Q6600,3.087ghz,249,
1274,Mr.Meerkat,Intel Core I7 4500U,2.4ghz,248,
1275,SlowMixit,Intel Core I5 2540M,2.5ghz,248,
1276,Jumper118,Intel Core 2 Quad Q8300,2.5ghz,246,
1277,Jumper118,Intel Pentium G6950,4.41ghz,246,
1278,Jumper118,Intel Xeon W3503,4.014ghz,245,
1279,Ryan Leech,Intel Core 2 Duo E8500,4.5ghz,244,1.7v
1280,tmcclelland455,AMD A6 3650,2.6ghz,242,
1281,LOLPhilips,AMD A6 3650,2.6ghz,242,
1282,ProKoN,Intel Core 2 Duo E7500,4.462ghz,242,
1283,Jumper118,Intel Pentium E6500,4.733ghz,241,
1284,Dabobminable,Intel Core 2 Duo E8500,4.418ghz,240,
1285,arnavvr,Intel Core I5 2430M,2.4ghz,239,
1286,LeinadTM,Intel Core 2 Quad Q6600,2.4ghz,236,
1287,GoogleGonnaSaveUs,Intel Core i7 3517U,2.4ghz,234,
1288,ProKoN,Intel Core 2 Duo E6600,4.582ghz,232,
1289,Bubblewhale,Intel Core i7 720QM,2.793ghz,231,
1290,FuzzyYellow,Intel Core I5 2435M,2.4ghz,231,
1291,ProKoN,Intel Pentium E5500,4.524ghz,230,
1292,Lays,Intel Pentium G3220,3ghz,230,
1293,Jumper118,Intel Pentium G2030,3.15ghz,230,
1294,TheElt,Intel Core I5 4200U,2.3ghz,229,
1295,Pasi123,2x AMD Opteron 2218,2.6ghz,229,
1296,DEcobra11,Intel Pentium G3220,3ghz,227,
1297,Jumper118,Intel Core 2 Duo E8400,4.124ghz,226,
1298,Jumper118,Intel Pentium E5400,4.456ghz,226,
1299,Jumper118,Intel Core 2 Duo E6600,4.41ghz,224,
1300,BbsMentos,Intel Core I5 650,3.2ghz,223,
1301,DEcobra11,Intel Pentium G2130,3.2ghz,222,
1302,Cracklingice,AMD Phenom X4 9750,2.4ghz,222,
1303,Jumper118,Intel Core 2 Duo E6750,4.404ghz,221,
1304,Jumper118,Intel Pentium E5500,4.332ghz,218,
1305,Jumper118,Xeon 5150,4.321ghz,219,Single Stage Phase
1306,iHardware Shelden,AMD Phenom X4 9650,2.310ghz,219,
1307,Jumper118,Intel Pentium E6700,4.32ghz,216,
1308,Jumper118,AMD Penom II X2 570,4.144ghz,216,
1309,iHardware Shelden,Intel Core 2 Duo E7200,4.25ghz,215,
1310,Jumper118,Intel Core 2 Duo E6550,4.154ghz,214,Single Stage Phase
1311,Dabombinable,Intel Core m3-6Y30,1.5ghz,214,
1312,iHardware Shelden,Intel Core 2 Duo E7500,4.191ghz,213,
1313,tmcclelland455,Intel Core I5 580M,2.66ghz,212,
1314,Dabobminable,Intel Pentium E6500K MKII,4.44ghz,210,
1315,iHardware Shelden,Intel Pentium E5300,4.509ghz,210,
1316,LinusTech,Intel Core M 5Y31 ,2ghz,208,Video Water Cooling the Macbook 2015 (literally under water )
1317,79 Potatoes,Intel Core I5 560M,2.66ghz,208,
1318,purple_rider,Intel Core I7 6500U,2.6ghz,208,
1319,Jumper118,AMD Athlon II X2 4450e,4.353ghz,207,Unlocked 2nd core 
1320,Josh.Drayton,Intel Core 2 Quad Q9300,2.5ghz,207,
1321,X99stattrak,Intel Xeon X3210,2.14ghz,207,
1322,harrynowl,Intel Core 2 Duo E6300,4.154ghz,207,
1323,GoogleGonnaSaveUs,Intel Core I3 5005U,2ghz,207,
1324,ProKoN,Intel Core 2 Duo E6550,3.957ghz,206,
1325,DEcobra11,Intel Core 2 Duo E8400 ,3.807ghz,206,
1326,ProKoN,Intel Pentium G630,2.932ghz,206,
1327,ProKoN,Intel Core 2 Duo E6300,4.115ghz,205,
1328,ProKoN,Intel Core 2 Duo E6400,4.162ghz,205,
1329,Dabobminable,AMD Phenom II N970,2.233ghz,205,
1330,runit3,Intel Pentium G645,3.088ghz,204,
1331,Gofspar,AMD A10 5757M,3.237ghz,203,
1332,Priller,AMD Phenom II X2 B55,4.050ghz,201,
1333,iHardware Shelden,Intel Pentium E5800,4.32ghz,200,
1334,Jumper118,Intel Core I5 2410M,2.3ghz,199,
1335,Dabobminable,Intel Core I5 540M,2.53ghz,197,
1336,harrynowl,Intel Celeron E3300,4.706ghz,197,
1337,Jumper118,Intel Pentium G630,2.84ghz,196,
1338,iHardware Shelden,Intel Pentium E5400,4.185ghz,196,
1339,slashqpbyte,Intel Core I5 520M,2.4ghz,196,
1340,Jumper118,Intel Celeron E3000 ES,4.675ghz,195,
1341,Jumper118,Intel Celeron E3200,4.295ghz,191,
1342,Jumper118,Intel Core 2 Duo E6420,3.703ghz,191,
1343,Jumper118,AMD Athlon II X2 370K,5.07ghz,190,
1344,harrynowl,AMD Athlon II X2 4450e,4.060ghz,189,Unlocked 2nd core to athon ii x2 445
1345,ProKoN,Intel Core 2 Duo E4500,3.841ghz,189,
1346,Jumper118,Intel Celeron E3300,4.265ghz,187,
1347,Pasi123,Intel Pentium E5200,3.687ghz,187,
1348,Jumper118,AMD Athlon II X2 220,4.017ghz,186,
1349,Lord Nicoll,Intel Pentium G840,2.8ghz,185,
1350,Dabobminable,Intel Pentium E6500K,3.85ghz,184,
1351,Jumper118,Intel Core 2 Duo E6320,3.553ghz,184,
1352,NeGaTo,Intel Core I3 4130T,2.9ghz,184,
1353,iHardware Shelden,Intel Pentium E5300,4.004ghz,183,
1354,Jumper118,Intel Core 2 Duo E6400,3.729ghz,183,
1355,Jumper118,Intel Pentium E2160,4.267ghzghz,182,
1356,IHardware Shelden,Intel Core 2 Extreme X6800,3.673ghz,182,
1357,purple_rider,Intel Core I5 520M,2.4ghz,182,
1358,IHardware Shelden,Intel Core 2 Duo E8600,3.333ghz,181,
1359,ProKoN,Intel Core 2 Duo E6320,3.475ghz,179,
1360,Jumper118,Intel Core 2 Duo E6300,3.575ghz,178,
1361,Jumper118,Intel Core 2 Duo E4300,3.558ghz,178,
1362,iHardware Shelden,Intel Core 2 Duo E6850,3.701ghz,178,
1363,agent_x007,Intel Core 2 Extreme X6800,3.618ghz,178,
1364,arnavvr,Intel Core I5 2430M,2.8ghz,177,
1365,arnavvr,Intel Core 2 Duo E6550,3.5ghz,177,
1366,Jumper118,AMD A6 5400K,4.769ghz,176,
1367,bamerx98,Intel Core I5 430M,2.527ghz,176,
1368,Bubblewhale,Intel Pentium G620,2.6ghz,175,
1369,GoogleGonnaSaveUs,Intel Pentium G630,2.7ghz,175,
1370,GoogleGonnaSaveUs,Intel Core I3 370M,2.4ghz,175,
1371,IHardware Shelden,Intel Core 2 Duo E4400,3.707ghz,171,
1372,iHardware Shelden,Intel Core 2 Duo E6420,3.36ghz,170,
1373,FivePointOh,Intel Pentium E5800,3.8ghz,170,
1374,iHardware Shelden,Intel Pentium E5200,3.5ghz,169,
1375,Jumper118,Intel Core 2 Duo E4600,3.416ghz,168,
1376,ProKoN,AMD Athlon 64 x2 6000+,3.661ghz,167,
1377,Ragin Asian,Intel Core I3 370M,2.4ghz,167,
1378,tmcclelland455,AMD Athlon II X2 4450e,3.617ghz,166,
1379,KingCry,Intel Core 2 Duo P8600,3.337ghz,166,
1380,Jumper118,AMD A4 4000,4.483ghz,165,
1381,iHardware Shelden,Intel Core 2 Duo E6750,3.4ghz,165,
1382,ProKoN,Intel Pentium G620T,2.343ghz,165,
1383,Bubblewhale,AMD Athlon II X2 270,3.4ghz,165,
1384,Herman Mcpootis,Intel Core I5 M460,2.53ghz,165,
1385,iHardware Shelden,Intel Core 2 Duo E6550,3.401ghz,163,
1386,IHardware Shelden,Intel Core 2 Duo E6400,3.52ghz,163,
1387,purple_rider,Intel Core 2 Duo E8400 ,3ghz,163,
1388,ProKoN,AMD A6 3400M,1.4ghz,162,
1389,IHardware Shelden,Intel Core 2 Duo E4500,3.507ghz,162,
1390,Bubblewhale,Intel Core 2 Duo E6600,3.3ghz,162,
1391,GoogleGonnaSaveUs,Intel Pentium 2020M,2.4ghz,161,
1392,Overl0rd,Intel Core 2 Duo T9600,2.8ghz,160,
1393,Jumper118,Intel Pentium E2140,3.525ghz,160,
1394,iHardware Shelden,AMD A10 5757M,2.1ghz,159,
1395,Carpenter92,AMD A8 4500M,2.3ghz,158,
1396,KingCry,AMD Phenom II X2 B511,3.428ghz,157,
1397,iHardware Shelden,Intel Core I3 2310M,2.1ghz,157,
1398,purple_rider,Intel Core I3 6100U,2.3ghz,157,
1399,namandoesnotpanic,AMD A8 4500M,2.32ghz,157,
1400,Jumper118,AMD A10 7300,2.7ghz,156,
1401,arnavvr,Intel core I3 330M,2.13ghz,155,
1402,IHardware Shelden,Intel Core 2 Duo E4600,3.36ghz,155,
1403,Jumper118,AMD Athlon X2 5000+,3.256ghz,154,
1404,Jumper118,Intel Pentium E2180,3.548ghz,154,
1405,agent_x007,Intel Pentium D Extreme Edition,4.971ghz,152,
1406,ProKoN,Intel Pentium D 945,5.301ghz,151,
1407,IHardware Shelden,Intel Pentium E2220,3.694ghz,151,
1408,FireFox,Intel Core 2 Duo E8400 ,3ghz,150,
1409,Dabobminable,AMD Phenom II P920,1.6ghz,150,
1410,agent_x007,INel Pentium Extreme Edition 965,4.823ghz,150,
1411,purple_rider,AMD A6 7310,2ghz,150,
1412,IHardware Shelden,Intel Pentium E2210,3.701ghz,149,
1413,DEcobra11,Intel Celeron J1900,2ghz,148,
1414,Jumper118,Intel Core 2 Duo E6850,3ghz,147,
1415,tmcclelland455,Intel Core 2 Duo E7400,2.8ghz,146,
1416,Cheddle,Intel Atom X7 Z8700,2.4ghz,143,
1417,tmcclelland455,AMD Athlon 7850 BE,3.1ghz,143,
1418,Overl0rd,Intel Core 2 Duo T9550,2.793ghz,142,
1419,79 Potatoes,AMD Athlon II X2 245,2.9ghz,142,
1420,79 Potatoes,Intel Core 2 Duo E6750,2.8ghz,140,
1421,GoogleGonnaSaveUs,Intel Pentium B960,2.2ghz,140,
1422,purple_rider,Intel Xeon W3503,2.4ghz,139,
1423,iHardware Shelden,Intel Pentium E2180,3.5ghz,138,
1424,tmcclelland455,AMD Sempron 145,3.02ghz,136,Unlocked 2nd core to athon ii x2 445
1425,ProKoN,AMD Opteron 165,2.97ghz,135,
1426,ProKoN,Intel Pentium E2140,3.443ghz,133,1.825v
1427,agent_x007,AMD Athlon 64 X2 FX-62,3.003ghz,133,
1428,agent_x007,AMD Athlon 64 X2 FX-60,3.07ghz,133,
1429,tmcclelland455,Intel Core 2 Duo E7400,2.793ghz,132,
1430,iHardware Shelden,Intel Pentium E2140,3.252ghz,131,
1431,iHardware Shelden,AMD Athlon II X2 250,2.704ghz,131,
1432,ProKoN,AMD Opteron 170,2.88ghz,130,
1433,FireFox,Intel Core 2 Duo E6750,2.66ghz,130,
1434,iHardware Shelden,Intel Pentium E2160,3.24ghz,130,
1435,ProKoN,AMD Athlon 64 X2 4800+,2.84ghz,128,
1436,L_Wolf,Intel Core 2 Duo E6700,2.66ghz,126,
1437,iHardware Shelden,AMD A4 5300,3.4ghz,126,
1438,Jumper118,Intel Pentium D 925,5.012ghz,125,
1439,Jumper118,AMD Athlon 64 X2 4600+,2.943ghz,123,
1440,Jumper118,AMD Athlon 64 X2 4400+,3.001ghz,123,
1441,Konasumi,Intel Pentium E5300,2.6ghz,122,
1442,Jumper118,Intel Pentium D 945,4.882ghz,121,
1443,agent_x007,Intel Pentium Extreme Edition 840,4.324ghz,121,
1444,Techfan@ic,Intel Core 2 Duo E8400,3ghz,120,
1445,Dabobminable,AMD A8 4555M,1.6ghz,119,
1446,iHardware Shelden,Intel Core 2 Duo T7700,2.4ghz,119,
1447,VegabondWraith,Intel Pentium P6200,2.13ghz,118,
1448,thinkoffcenter,Intel Celeron G1101,2.266ghz,117,
1449,Jumper118,AMD Athlon 64 X2 4200+,2.698ghz,114,
1450,Jumper118,AMD Sempron 145 MKII,4.482ghz,111,
1451,FireFox,Intel Core 2 Duo T8100,2.1ghz,109,
1452,ProKoN,Intel Core 2 Duo T8100,2.1ghz,107,
1453,Jumper118,AMD Athlon 64 X2 3800+,2.473ghz,106,
1454,Recon-UK,Intel Core 2 Duo T6600,2.2ghz,105,
1455,bear-in-the-air,2x Intel Xeon 3.6ghz,3.6ghz,102,
1456,maxtch,Intel Core 2 Duo T7400,2.17ghz,102,
1457,Intelfreak,Intel Atom x5 Z8350,1.44ghz,97,
1458,Gofspar,AMD Turion 64 X2 TL-60,2.296ghz,95,
1459,DEcobra11,Intel Core 2 Duo T5750,2ghz,93,
1460,Jumper118,Intel Celeron G465,2.038ghz,93,
1461,Jumper118,AMD Sempron 145,3.92ghz,92,
1462,iHardware Shelden,AMD Athlon 64 X2 4800+,2.512ghz,91,
1463,Pasi123,Intel Core 2 Duo T7200,2ghz,91,
1464,Dabobminable,Intel Pentium N3710,1.6ghz,91,
1465,DEcobra11,AMD Athlon 64 X2 3800+,2.55ghz,90,
1466,ProKoN,Intel Celeron G460,1.97ghz,89,
1467,iHardware Shelden,Intel Pentium D 930,3.9ghz,89,
1468,LinusTech,Intel Core M 5Y31 ,1.1ghz,88,Video Water Cooling the Macbook 2015 (passive)
1469,iHardware Shelden,AMD Athlon 64 X2 4400+,2.3ghz,88,
1470,TheElt,Intel Core 2 Duo T7100,1.989ghz,83,
1471,GoogleGonnaSaveUs,AMD Athlon X2 QL-66,2.2ghz,83,
1472,TheElt,Intel Pentium E2180,2ghz,80,
1473,GoogleGonnaSaveUs,Intel Core 2 Duo T5500,1.67ghz,78,
1474,ProKoN,Intel Celeron 430,4.023ghz,74,
1475,TheElt,AMD Athlon 64 X2 3800+,2ghz,73,
1476,PokeCatz,Intel Pentium T2370,1.73ghz,72,
1477,IHardware Shelden,Intel Pentium 4 651,4.675ghz,71,
1478,Jumper118,AMD Athlon 64 FX-57,3.08ghz,70,
1479,harrynowl,Intel Pentium 4 641,4.684ghz,70,
1480,GoogleGonnaSaveUs,AMD Athlon 64 X2 TK-57,1.9ghz,70,
1481,Jumper118,Intel Celeron 440,3.93ghz,69,
1482,Jumper118,Intel Celeron 430,3.766ghz,69,
1483,iHardware Shelden,AMD Turion 64 X2 TL-52,1.6ghz,67,
1484,purple_rider,Intel Celeron N2840,2.17ghz,66,
1485,agent_x007,Intel Pentium 4 730,4.272ghz,65,
1486,IHardware Shelden,Intel Pentium D 820,2.8ghz,63,
1487,Jumper118,Intel Pentium 4 630,3.901ghz,63,
1488,Jumper118,Intel Celeron 450,3.412ghz,63,
1489,Overl0rd,AMD Athlon II Neo K325,1.3ghz,61,
1490,IHardware Shelden,Intel Pentium 4 630,3.9ghz,58,
1491,purple_rider,AMD E1 6010,1.35ghz,55,
1492,IHardware Shelden,Intel Pentium 4 660,3.6ghz,54,
1493,agent_x007,Intel Pentium 4 3.2Ghz,3.540ghz,53,
1494,IHardware Shelden,Intel Pentium 4 531,3.527ghz,52,
1495,GoogleGonnaSaveUs,AMD Turion X2 RM-70,2ghz,51,
1496,purple_rider,Intel Celeron 1017U,1.6ghz,50,
1497,Harry99710,AMD GX-212JC SOC,1.2ghz,46,
1498,DEcobra11,AMD Athlon 64 3700+,2.2ghz,44,
1499,TheElt,AMD Athlon 64 3500+,2.2ghz,43,
1500,Bubblewhale,Intel Pentium 4 531,3ghz,39,
1501,purple_rider,Intel Pentium D 930,3ghz,35,
1502,ScrappyZeDog,AMD A6 1450,1ghz,35,
1503,GoogleGonnaSaveUs,AMD E-300,1.3ghz,31,
1504,iHardware Shelden,AMD Sempron 3000+,1.795ghz,23,
1505,Name taken,Intel Atom N450,1.667ghz,22,
1506,Goofygiggles,AMD C-50,1.013ghz,20,